cavity,seed,scale,volume_ml,area_mm2,N,arm,status,reason,solve_s,n_placed,V100,D90,V150,V200,V100w,D90w,V100_wall,V100_10mm,n_overlaps,n_proxy_overlaps,report_s,V100_p95,V100_p05,D90_p95,n_draws,time_budget_s,uniform_spin_fallback,n_pairs_planner,n_pairs_added,objective_influence,V100_influence,solver_status,bound,mip_gap
s1_x0.80,1,0.8,12.399,2678.06,8,truth,ok,,0,8,0.929581,6247.89,0.674912,0.441444,0.933178,6280.57,1,0.544674,17,4,1.58702,,,,,,,,,,,,,
s1_x0.80,1,0.8,12.399,2678.06,8,truth_raw,ok,,0,8,0.905098,6043.82,0.66002,0.438415,0.909803,6085.06,1,0.535083,5,5,1.80909,,,,,,,,,,,,,
s1_x0.80,1,0.8,12.399,2678.06,4,random,ok,,0,4,0.353357,3845.07,0,0,0.347304,,,,,,16.6954,0.38945,0.26527,4400.16,20,,,,,,,,,
s1_x0.80,1,0.8,12.399,2678.06,4,uniform,ok,,0.0023577,4,0.316507,3770.73,0,0,0.298293,3815.08,0.924281,0,0,0,0.828782,,,,,,0,5114,0,,,,,
s1_x0.80,1,0.8,12.399,2678.06,4,greedy,ok,,0.0288377,4,0.380111,3936.65,0,0,0.368452,3887.44,0.968198,0,0,0,0.85902,,,,,,,5114,0,0.37361,0.37361,ok,,
s1_x0.80,1,0.8,12.399,2678.06,4,greedy+local,ok,,0.0219837,4,0.380111,3936.65,0,0,0.368452,3887.44,0.968198,0,0,0,0.777131,,,,,,,5114,0,0.37361,0.37361,ok,,
s1_x0.80,1,0.8,12.399,2678.06,4,sa,ok,,0.616135,4,0.40838,3765.8,0,0,0.413172,3608.76,0.941191,0,0,0,0.835386,,,,,,,5114,0,0.400582,0.400582,ok,,
s1_x0.80,1,0.8,12.399,2678.06,4,milp,failed,FAILED (n_placed=0): milp status infeasible: no 4-candidate selection satisfies the conflict / OAR rows (65 nodes searched),,0,,,,,,,,,,,,,,,,,,,,,,,,
s1_x0.80,1,0.8,12.399,2678.06,4,continuous,skipped,"skipped: continuous arm runs on scales (1.0,) only (budget)",,0,,,,,,,,,,,,,,,,,,,,,,,,
s1_x0.80,1,0.8,12.399,2678.06,6,random,skipped,skipped: random: no feasible 6-tile draw in 500 tries,,0,,,,,,,,,,,,,,,,,,,,,,,,
s1_x0.80,1,0.8,12.399,2678.06,6,uniform,skipped,skipped: uniform: only 4 of 6 non-conflicting anchors (spin fallback included),,0,,,,,,,,,,,,,,,,,,,,,,,,
s1_x0.80,1,0.8,12.399,2678.06,6,greedy,failed,FAILED (n_placed=3): greedy status infeasible: no compatible candidate left after placing 3 of 6 tiles,,3,,,,,,,,,,,,,,,,,,,,,,,,
s1_x0.80,1,0.8,12.399,2678.06,6,greedy+local,failed,FAILED (n_placed=3): greedy infeasible: no compatible candidate left after placing 3 of 6 tiles,,3,,,,,,,,,,,,,,,,,,,,,,,,
s1_x0.80,1,0.8,12.399,2678.06,6,sa,failed,FAILED (n_placed=3): sa status infeasible: greedy start failed: no compatible candidate left after placing 3 of 6 tiles,,3,,,,,,,,,,,,,,,,,,,,,,,,
s1_x0.80,1,0.8,12.399,2678.06,6,milp,failed,FAILED (n_placed=0): milp status infeasible: no 6-candidate selection satisfies the conflict / OAR rows (54 nodes searched),,0,,,,,,,,,,,,,,,,,,,,,,,,
s1_x0.80,1,0.8,12.399,2678.06,6,continuous,skipped,"skipped: continuous arm runs on scales (1.0,) only (budget)",,0,,,,,,,,,,,,,,,,,,,,,,,,
s1_x0.80,1,0.8,12.399,2678.06,8,random,skipped,skipped: random: no feasible 8-tile draw in 500 tries,,0,,,,,,,,,,,,,,,,,,,,,,,,
s1_x0.80,1,0.8,12.399,2678.06,8,uniform,skipped,skipped: uniform: only 4 of 8 non-conflicting anchors (spin fallback included),,0,,,,,,,,,,,,,,,,,,,,,,,,
s1_x0.80,1,0.8,12.399,2678.06,8,greedy,failed,FAILED (n_placed=3): greedy status infeasible: no compatible candidate left after placing 3 of 8 tiles,,3,,,,,,,,,,,,,,,,,,,,,,,,
s1_x0.80,1,0.8,12.399,2678.06,8,greedy+local,failed,FAILED (n_placed=3): greedy infeasible: no compatible candidate left after placing 3 of 8 tiles,,3,,,,,,,,,,,,,,,,,,,,,,,,
s1_x0.80,1,0.8,12.399,2678.06,8,sa,failed,FAILED (n_placed=3): sa status infeasible: greedy start failed: no compatible candidate left after placing 3 of 8 tiles,,3,,,,,,,,,,,,,,,,,,,,,,,,
s1_x0.80,1,0.8,12.399,2678.06,8,milp,failed,FAILED (n_placed=0): milp status infeasible: no 8-candidate selection satisfies the conflict / OAR rows (16 nodes searched),,0,,,,,,,,,,,,,,,,,,,,,,,,
s1_x0.80,1,0.8,12.399,2678.06,8,continuous,skipped,"skipped: continuous arm runs on scales (1.0,) only (budget)",,0,,,,,,,,,,,,,,,,,,,,,,,,
s1_x0.80,1,0.8,12.399,2678.06,10,random,skipped,skipped: random: no feasible 10-tile draw in 500 tries,,0,,,,,,,,,,,,,,,,,,,,,,,,
s1_x0.80,1,0.8,12.399,2678.06,10,uniform,skipped,skipped: uniform: only 4 of 10 non-conflicting anchors (spin fallback included),,0,,,,,,,,,,,,,,,,,,,,,,,,
s1_x0.80,1,0.8,12.399,2678.06,10,greedy,failed,FAILED (n_placed=3): greedy status infeasible: no compatible candidate left after placing 3 of 10 tiles,,3,,,,,,,,,,,,,,,,,,,,,,,,
s1_x0.80,1,0.8,12.399,2678.06,10,greedy+local,failed,FAILED (n_placed=3): greedy infeasible: no compatible candidate left after placing 3 of 10 tiles,,3,,,,,,,,,,,,,,,,,,,,,,,,
s1_x0.80,1,0.8,12.399,2678.06,10,sa,failed,FAILED (n_placed=3): sa status infeasible: greedy start failed: no compatible candidate left after placing 3 of 10 tiles,,3,,,,,,,,,,,,,,,,,,,,,,,,
s1_x0.80,1,0.8,12.399,2678.06,10,milp,skipped,"skipped: milp arm restricted to N in (4, 6, 8)",,0,,,,,,,,,,,,,,,,,,,,,,,,
s1_x0.80,1,0.8,12.399,2678.06,10,continuous,skipped,"skipped: continuous arm runs on scales (1.0,) only (budget)",,0,,,,,,,,,,,,,,,,,,,,,,,,
s1_x0.80,1,0.8,12.399,2678.06,12,random,skipped,skipped: random: no feasible 12-tile draw in 500 tries,,0,,,,,,,,,,,,,,,,,,,,,,,,
s1_x0.80,1,0.8,12.399,2678.06,12,uniform,skipped,skipped: uniform: only 4 of 12 non-conflicting anchors (spin fallback included),,0,,,,,,,,,,,,,,,,,,,,,,,,
s1_x0.80,1,0.8,12.399,2678.06,12,greedy,failed,FAILED (n_placed=3): greedy status infeasible: no compatible candidate left after placing 3 of 12 tiles,,3,,,,,,,,,,,,,,,,,,,,,,,,
s1_x0.80,1,0.8,12.399,2678.06,12,greedy+local,failed,FAILED (n_placed=3): greedy infeasible: no compatible candidate left after placing 3 of 12 tiles,,3,,,,,,,,,,,,,,,,,,,,,,,,
s1_x0.80,1,0.8,12.399,2678.06,12,sa,failed,FAILED (n_placed=3): sa status infeasible: greedy start failed: no compatible candidate left after placing 3 of 12 tiles,,3,,,,,,,,,,,,,,,,,,,,,,,,
s1_x0.80,1,0.8,12.399,2678.06,12,milp,skipped,"skipped: milp arm restricted to N in (4, 6, 8)",,0,,,,,,,,,,,,,,,,,,,,,,,,
s1_x0.80,1,0.8,12.399,2678.06,12,continuous,skipped,"skipped: continuous arm runs on scales (1.0,) only (budget)",,0,,,,,,,,,,,,,,,,,,,,,,,,
s2_x0.80,2,0.8,14.021,2914.17,8,truth,ok,,0,8,0.865205,5756.39,0.596082,0.358442,0.871142,5774.45,1,0.454058,18,9,1.65334,,,,,,,,,,,,,
s2_x0.80,2,0.8,14.021,2914.17,8,truth_raw,ok,,0,8,0.846315,5596.18,0.576726,0.365438,0.848618,5596.32,1,0.445429,9,5,1.61864,,,,,,,,,,,,,
s2_x0.80,2,0.8,14.021,2914.17,4,random,ok,,0,4,0.265975,3477.26,0,0,0.245281,,,,,,16.8247,0.31299,0.148379,3867.69,20,,,,,,,,,
s2_x0.80,2,0.8,14.021,2914.17,4,uniform,skipped,skipped: uniform: only 3 of 4 non-conflicting anchors (spin fallback included),,0,,,,,,,,,,,,,,,,,,,,,,,,
s2_x0.80,2,0.8,14.021,2914.17,4,greedy,ok,,0.0237643,4,0.417677,2561.9,0,0,0.409432,2569.74,0.720616,0,0,0,0.814453,,,,,,,18697,0,0.426,0.426,ok,,
s2_x0.80,2,0.8,14.021,2914.17,4,greedy+local,ok,,0.0311818,4,0.417677,2561.9,0,0,0.409432,2569.74,0.720616,0,0,0,0.793729,,,,,,,18697,0,0.426,0.426,ok,,
s2_x0.80,2,0.8,14.021,2914.17,4,sa,ok,,0.909648,4,0.458722,2278.75,0,0,0.439603,2232.57,0.688433,0,0,0,0.94174,,,,,,,18697,0,0.462,0.462,ok,,
s2_x0.80,2,0.8,14.021,2914.17,4,milp,failed,FAILED (n_placed=0): milp status infeasible: no 4-candidate selection satisfies the conflict / OAR rows (256 nodes searched),,0,,,,,,,,,,,,,,,,,,,,,,,,
s2_x0.80,2,0.8,14.021,2914.17,4,continuous,skipped,"skipped: continuous arm runs on scales (1.0,) only (budget)",,0,,,,,,,,,,,,,,,,,,,,,,,,
s2_x0.80,2,0.8,14.021,2914.17,6,random,skipped,skipped: random: no feasible 6-tile draw in 500 tries,,0,,,,,,,,,,,,,,,,,,,,,,,,
s2_x0.80,2,0.8,14.021,2914.17,6,uniform,skipped,skipped: uniform: only 3 of 6 non-conflicting anchors (spin fallback included),,0,,,,,,,,,,,,,,,,,,,,,,,,
s2_x0.80,2,0.8,14.021,2914.17,6,greedy,failed,FAILED (n_placed=4): greedy status infeasible: no compatible candidate left after placing 4 of 6 tiles,,4,,,,,,,,,,,,,,,,,,,,,,,,
s2_x0.80,2,0.8,14.021,2914.17,6,greedy+local,failed,FAILED (n_placed=4): greedy infeasible: no compatible candidate left after placing 4 of 6 tiles,,4,,,,,,,,,,,,,,,,,,,,,,,,
s2_x0.80,2,0.8,14.021,2914.17,6,sa,failed,FAILED (n_placed=4): sa status infeasible: greedy start failed: no compatible candidate left after placing 4 of 6 tiles,,4,,,,,,,,,,,,,,,,,,,,,,,,
s2_x0.80,2,0.8,14.021,2914.17,6,milp,failed,FAILED (n_placed=0): milp status infeasible: no 6-candidate selection satisfies the conflict / OAR rows (215 nodes searched),,0,,,,,,,,,,,,,,,,,,,,,,,,
s2_x0.80,2,0.8,14.021,2914.17,6,continuous,skipped,"skipped: continuous arm runs on scales (1.0,) only (budget)",,0,,,,,,,,,,,,,,,,,,,,,,,,
s2_x0.80,2,0.8,14.021,2914.17,8,random,skipped,skipped: random: no feasible 8-tile draw in 500 tries,,0,,,,,,,,,,,,,,,,,,,,,,,,
s2_x0.80,2,0.8,14.021,2914.17,8,uniform,skipped,skipped: uniform: only 3 of 8 non-conflicting anchors (spin fallback included),,0,,,,,,,,,,,,,,,,,,,,,,,,
s2_x0.80,2,0.8,14.021,2914.17,8,greedy,failed,FAILED (n_placed=4): greedy status infeasible: no compatible candidate left after placing 4 of 8 tiles,,4,,,,,,,,,,,,,,,,,,,,,,,,
s2_x0.80,2,0.8,14.021,2914.17,8,greedy+local,failed,FAILED (n_placed=4): greedy infeasible: no compatible candidate left after placing 4 of 8 tiles,,4,,,,,,,,,,,,,,,,,,,,,,,,
s2_x0.80,2,0.8,14.021,2914.17,8,sa,failed,FAILED (n_placed=4): sa status infeasible: greedy start failed: no compatible candidate left after placing 4 of 8 tiles,,4,,,,,,,,,,,,,,,,,,,,,,,,
s2_x0.80,2,0.8,14.021,2914.17,8,milp,failed,FAILED (n_placed=0): milp status infeasible: no 8-candidate selection satisfies the conflict / OAR rows (191 nodes searched),,0,,,,,,,,,,,,,,,,,,,,,,,,
s2_x0.80,2,0.8,14.021,2914.17,8,continuous,skipped,"skipped: continuous arm runs on scales (1.0,) only (budget)",,0,,,,,,,,,,,,,,,,,,,,,,,,
s2_x0.80,2,0.8,14.021,2914.17,10,random,skipped,skipped: random: no feasible 10-tile draw in 500 tries,,0,,,,,,,,,,,,,,,,,,,,,,,,
s2_x0.80,2,0.8,14.021,2914.17,10,uniform,skipped,skipped: uniform: only 3 of 10 non-conflicting anchors (spin fallback included),,0,,,,,,,,,,,,,,,,,,,,,,,,
s2_x0.80,2,0.8,14.021,2914.17,10,greedy,failed,FAILED (n_placed=4): greedy status infeasible: no compatible candidate left after placing 4 of 10 tiles,,4,,,,,,,,,,,,,,,,,,,,,,,,
s2_x0.80,2,0.8,14.021,2914.17,10,greedy+local,failed,FAILED (n_placed=4): greedy infeasible: no compatible candidate left after placing 4 of 10 tiles,,4,,,,,,,,,,,,,,,,,,,,,,,,
s2_x0.80,2,0.8,14.021,2914.17,10,sa,failed,FAILED (n_placed=4): sa status infeasible: greedy start failed: no compatible candidate left after placing 4 of 10 tiles,,4,,,,,,,,,,,,,,,,,,,,,,,,
s2_x0.80,2,0.8,14.021,2914.17,10,milp,skipped,"skipped: milp arm restricted to N in (4, 6, 8)",,0,,,,,,,,,,,,,,,,,,,,,,,,
s2_x0.80,2,0.8,14.021,2914.17,10,continuous,skipped,"skipped: continuous arm runs on scales (1.0,) only (budget)",,0,,,,,,,,,,,,,,,,,,,,,,,,
s2_x0.80,2,0.8,14.021,2914.17,12,random,skipped,skipped: random: no feasible 12-tile draw in 500 tries,,0,,,,,,,,,,,,,,,,,,,,,,,,
s2_x0.80,2,0.8,14.021,2914.17,12,uniform,skipped,skipped: uniform: only 3 of 12 non-conflicting anchors (spin fallback included),,0,,,,,,,,,,,,,,,,,,,,,,,,
s2_x0.80,2,0.8,14.021,2914.17,12,greedy,failed,FAILED (n_placed=4): greedy status infeasible: no compatible candidate left after placing 4 of 12 tiles,,4,,,,,,,,,,,,,,,,,,,,,,,,
s2_x0.80,2,0.8,14.021,2914.17,12,greedy+local,failed,FAILED (n_placed=4): greedy infeasible: no compatible candidate left after placing 4 of 12 tiles,,4,,,,,,,,,,,,,,,,,,,,,,,,
s2_x0.80,2,0.8,14.021,2914.17,12,sa,failed,FAILED (n_placed=4): sa status infeasible: greedy start failed: no compatible candidate left after placing 4 of 12 tiles,,4,,,,,,,,,,,,,,,,,,,,,,,,
s2_x0.80,2,0.8,14.021,2914.17,12,milp,skipped,"skipped: milp arm restricted to N in (4, 6, 8)",,0,,,,,,,,,,,,,,,,,,,,,,,,
s2_x0.80,2,0.8,14.021,2914.17,12,continuous,skipped,"skipped: continuous arm runs on scales (1.0,) only (budget)",,0,,,,,,,,,,,,,,,,,,,,,,,,
s3_x0.80,3,0.8,13.524,2850.98,8,truth,ok,,0,8,0.928436,6234.91,0.651926,0.380647,0.930843,6287.71,1,0.491203,16,7,1.60002,,,,,,,,,,,,,
s3_x0.80,3,0.8,13.524,2850.98,8,truth_raw,ok,,0,8,0.90252,6023.2,0.64194,0.388968,0.907065,6079.31,1,0.492867,6,5,1.75822,,,,,,,,,,,,,
s3_x0.80,3,0.8,13.524,2850.98,4,random,ok,,0,4,0.302068,3606.33,0,0,0.295478,,,,,,17.0832,0.365763,0.236614,3952.56,20,,,,,,,,,
s3_x0.80,3,0.8,13.524,2850.98,4,uniform,ok,,0.0038065,4,0.316215,3426.08,0.000951022,0,0.292368,3432.71,0.853543,0,0,0,0.919255,,,,,,0,13816,0,,,,,
s3_x0.80,3,0.8,13.524,2850.98,4,greedy,ok,,0.0195458,4,0.341655,3243.76,0,0,0.314329,3206.97,0.838326,0,0,0,0.828208,,,,,,,13816,0,0.316,0.316,ok,,
s3_x0.80,3,0.8,13.524,2850.98,4,greedy+local,ok,,0.0289796,4,0.407038,2869.42,0,0,0.380625,2877.92,0.784118,0,0,0,0.836003,,,,,,,13816,0,0.367,0.367,ok,,
s3_x0.80,3,0.8,13.524,2850.98,4,sa,ok,,0.873599,4,0.442225,2637.51,0,0,0.420906,2539.29,0.756301,0,0,0,0.808304,,,,,,,13816,0,0.441,0.441,ok,,
s3_x0.80,3,0.8,13.524,2850.98,4,milp,ok,,0.0054826,4,0.315264,3582.9,0,0,0.294724,3453.98,0.895625,0,0,0,0.9326,,,,,,,13816,0,0.263333,0.263333,optimal,0.263333,0
s3_x0.80,3,0.8,13.524,2850.98,4,continuous,skipped,"skipped: continuous arm runs on scales (1.0,) only (budget)",,0,,,,,,,,,,,,,,,,,,,,,,,,
s3_x0.80,3,0.8,13.524,2850.98,6,random,skipped,skipped: random: no feasible 6-tile draw in 500 tries,,0,,,,,,,,,,,,,,,,,,,,,,,,
s3_x0.80,3,0.8,13.524,2850.98,6,uniform,skipped,skipped: uniform: only 4 of 6 non-conflicting anchors (spin fallback included),,0,,,,,,,,,,,,,,,,,,,,,,,,
s3_x0.80,3,0.8,13.524,2850.98,6,greedy,failed,FAILED (n_placed=5): greedy status infeasible: no compatible candidate left after placing 5 of 6 tiles,,5,,,,,,,,,,,,,,,,,,,,,,,,
s3_x0.80,3,0.8,13.524,2850.98,6,greedy+local,failed,FAILED (n_placed=5): greedy infeasible: no compatible candidate left after placing 5 of 6 tiles,,5,,,,,,,,,,,,,,,,,,,,,,,,
s3_x0.80,3,0.8,13.524,2850.98,6,sa,failed,FAILED (n_placed=5): sa status infeasible: greedy start failed: no compatible candidate left after placing 5 of 6 tiles,,5,,,,,,,,,,,,,,,,,,,,,,,,
s3_x0.80,3,0.8,13.524,2850.98,6,milp,failed,FAILED (n_placed=0): milp status infeasible: no 6-candidate selection satisfies the conflict / OAR rows (261 nodes searched),,0,,,,,,,,,,,,,,,,,,,,,,,,
s3_x0.80,3,0.8,13.524,2850.98,6,continuous,skipped,"skipped: continuous arm runs on scales (1.0,) only (budget)",,0,,,,,,,,,,,,,,,,,,,,,,,,
s3_x0.80,3,0.8,13.524,2850.98,8,random,skipped,skipped: random: no feasible 8-tile draw in 500 tries,,0,,,,,,,,,,,,,,,,,,,,,,,,
s3_x0.80,3,0.8,13.524,2850.98,8,uniform,skipped,skipped: uniform: only 4 of 8 non-conflicting anchors (spin fallback included),,0,,,,,,,,,,,,,,,,,,,,,,,,
s3_x0.80,3,0.8,13.524,2850.98,8,greedy,failed,FAILED (n_placed=5): greedy status infeasible: no compatible candidate left after placing 5 of 8 tiles,,5,,,,,,,,,,,,,,,,,,,,,,,,
s3_x0.80,3,0.8,13.524,2850.98,8,greedy+local,failed,FAILED (n_placed=5): greedy infeasible: no compatible candidate left after placing 5 of 8 tiles,,5,,,,,,,,,,,,,,,,,,,,,,,,
s3_x0.80,3,0.8,13.524,2850.98,8,sa,failed,FAILED (n_placed=5): sa status infeasible: greedy start failed: no compatible candidate left after placing 5 of 8 tiles,,5,,,,,,,,,,,,,,,,,,,,,,,,
s3_x0.80,3,0.8,13.524,2850.98,8,milp,failed,FAILED (n_placed=0): milp status infeasible: no 8-candidate selection satisfies the conflict / OAR rows (230 nodes searched),,0,,,,,,,,,,,,,,,,,,,,,,,,
s3_x0.80,3,0.8,13.524,2850.98,8,continuous,skipped,"skipped: continuous arm runs on scales (1.0,) only (budget)",,0,,,,,,,,,,,,,,,,,,,,,,,,
s3_x0.80,3,0.8,13.524,2850.98,10,random,skipped,skipped: random: no feasible 10-tile draw in 500 tries,,0,,,,,,,,,,,,,,,,,,,,,,,,
s3_x0.80,3,0.8,13.524,2850.98,10,uniform,skipped,skipped: uniform: only 4 of 10 non-conflicting anchors (spin fallback included),,0,,,,,,,,,,,,,,,,,,,,,,,,
s3_x0.80,3,0.8,13.524,2850.98,10,greedy,failed,FAILED (n_placed=5): greedy status infeasible: no compatible candidate left after placing 5 of 10 tiles,,5,,,,,,,,,,,,,,,,,,,,,,,,
s3_x0.80,3,0.8,13.524,2850.98,10,greedy+local,failed,FAILED (n_placed=5): greedy infeasible: no compatible candidate left after placing 5 of 10 tiles,,5,,,,,,,,,,,,,,,,,,,,,,,,
s3_x0.80,3,0.8,13.524,2850.98,10,sa,failed,FAILED (n_placed=5): sa status infeasible: greedy start failed: no compatible candidate left after placing 5 of 10 tiles,,5,,,,,,,,,,,,,,,,,,,,,,,,
s3_x0.80,3,0.8,13.524,2850.98,10,milp,skipped,"skipped: milp arm restricted to N in (4, 6, 8)",,0,,,,,,,,,,,,,,,,,,,,,,,,
s3_x0.80,3,0.8,13.524,2850.98,10,continuous,skipped,"skipped: continuous arm runs on scales (1.0,) only (budget)",,0,,,,,,,,,,,,,,,,,,,,,,,,
s3_x0.80,3,0.8,13.524,2850.98,12,random,skipped,skipped: random: no feasible 12-tile draw in 500 tries,,0,,,,,,,,,,,,,,,,,,,,,,,,
s3_x0.80,3,0.8,13.524,2850.98,12,uniform,skipped,skipped: uniform: only 4 of 12 non-conflicting anchors (spin fallback included),,0,,,,,,,,,,,,,,,,,,,,,,,,
s3_x0.80,3,0.8,13.524,2850.98,12,greedy,failed,FAILED (n_placed=5): greedy status infeasible: no compatible candidate left after placing 5 of 12 tiles,,5,,,,,,,,,,,,,,,,,,,,,,,,
s3_x0.80,3,0.8,13.524,2850.98,12,greedy+local,failed,FAILED (n_placed=5): greedy infeasible: no compatible candidate left after placing 5 of 12 tiles,,5,,,,,,,,,,,,,,,,,,,,,,,,
s3_x0.80,3,0.8,13.524,2850.98,12,sa,failed,FAILED (n_placed=5): sa status infeasible: greedy start failed: no compatible candidate left after placing 5 of 12 tiles,,5,,,,,,,,,,,,,,,,,,,,,,,,
s3_x0.80,3,0.8,13.524,2850.98,12,milp,skipped,"skipped: milp arm restricted to N in (4, 6, 8)",,0,,,,,,,,,,,,,,,,,,,,,,,,
s3_x0.80,3,0.8,13.524,2850.98,12,continuous,skipped,"skipped: continuous arm runs on scales (1.0,) only (budget)",,0,,,,,,,,,,,,,,,,,,,,,,,,
s4_x0.80,4,0.8,14.48,2965.48,8,truth,ok,,0,8,0.873744,5796.13,0.623516,0.373059,0.873896,5808.14,1,0.471005,17,6,1.68639,,,,,,,,,,,,,
s4_x0.80,4,0.8,14.48,2965.48,8,truth_raw,ok,,0,8,0.859132,5669.61,0.613699,0.382192,0.858161,5676.23,1,0.470091,5,7,1.77716,,,,,,,,,,,,,
s4_x0.80,4,0.8,14.48,2965.48,4,random,ok,,0,4,0.205479,3620.74,0,0,0.18015,,,,,,17.63,0.269943,0.0995091,3933.83,20,,,,,,,,,
s4_x0.80,4,0.8,14.48,2965.48,4,uniform,skipped,skipped: uniform: only 3 of 4 non-conflicting anchors (spin fallback included),,0,,,,,,,,,,,,,,,,,,,,,,,,
s4_x0.80,4,0.8,14.48,2965.48,4,greedy,ok,,0.0212022,4,0.33379,2780.66,0.000228311,0,0.332297,2761.66,0.739269,0,0,0,0.845015,,,,,,,27247,0,0.350037,0.350037,ok,,
s4_x0.80,4,0.8,14.48,2965.48,4,greedy+local,ok,,0.0499195,4,0.366895,2729.93,0,0,0.362707,2694.93,0.737215,0,0,0,0.948981,,,,,,,27247,0,0.366036,0.366036,ok,,
s4_x0.80,4,0.8,14.48,2965.48,4,sa,ok,,1.12093,4,0.426027,2533.6,0,0,0.419882,2558.72,0.732877,0,0,0,0.844233,,,,,,,27247,0,0.451031,0.451031,ok,,
s4_x0.80,4,0.8,14.48,2965.48,4,milp,ok,,0.0152639,4,0.380594,2428.06,0.000228311,0,0.361253,2429.24,0.703425,0,0,0,0.848347,,,,,,,27247,0,0.366667,0.366667,optimal,0.366667,0
s4_x0.80,4,0.8,14.48,2965.48,4,continuous,skipped,"skipped: continuous arm runs on scales (1.0,) only (budget)",,0,,,,,,,,,,,,,,,,,,,,,,,,
s4_x0.80,4,0.8,14.48,2965.48,6,random,skipped,skipped: random: no feasible 6-tile draw in 500 tries,,0,,,,,,,,,,,,,,,,,,,,,,,,
s4_x0.80,4,0.8,14.48,2965.48,6,uniform,skipped,skipped: uniform: only 3 of 6 non-conflicting anchors (spin fallback included),,0,,,,,,,,,,,,,,,,,,,,,,,,
s4_x0.80,4,0.8,14.48,2965.48,6,greedy,ok,,0.0443751,6,0.935616,6357.82,0.0205479,0,0.933269,6279.32,1,0,0,0,1.37901,,,,,,,27247,0,0.922004,0.922004,ok,,
s4_x0.80,4,0.8,14.48,2965.48,6,greedy+local,ok,,0.0449231,6,0.935616,6357.82,0.0205479,0,0.933269,6279.32,1,0,0,0,1.36198,,,,,,,27247,0,0.922004,0.922004,ok,,
s4_x0.80,4,0.8,14.48,2965.48,6,sa,ok,,0.846059,6,1,6853.95,0.0182648,0,1,6820.44,1,0,0,0,1.28533,,,,,,,27247,0,1,1,ok,,
s4_x0.80,4,0.8,14.48,2965.48,6,milp,failed,FAILED (n_placed=0): milp status infeasible: no 6-candidate selection satisfies the conflict / OAR rows (587 nodes searched),,0,,,,,,,,,,,,,,,,,,,,,,,,
s4_x0.80,4,0.8,14.48,2965.48,6,continuous,skipped,"skipped: continuous arm runs on scales (1.0,) only (budget)",,0,,,,,,,,,,,,,,,,,,,,,,,,
s4_x0.80,4,0.8,14.48,2965.48,8,random,skipped,skipped: random: no feasible 8-tile draw in 500 tries,,0,,,,,,,,,,,,,,,,,,,,,,,,
s4_x0.80,4,0.8,14.48,2965.48,8,uniform,skipped,skipped: uniform: only 3 of 8 non-conflicting anchors (spin fallback included),,0,,,,,,,,,,,,,,,,,,,,,,,,
s4_x0.80,4,0.8,14.48,2965.48,8,greedy,failed,FAILED (n_placed=5): greedy status infeasible: no compatible candidate left after placing 5 of 8 tiles,,5,,,,,,,,,,,,,,,,,,,,,,,,
s4_x0.80,4,0.8,14.48,2965.48,8,greedy+local,failed,FAILED (n_placed=5): greedy infeasible: no compatible candidate left after placing 5 of 8 tiles,,5,,,,,,,,,,,,,,,,,,,,,,,,
s4_x0.80,4,0.8,14.48,2965.48,8,sa,failed,FAILED (n_placed=5): sa status infeasible: greedy start failed: no compatible candidate left after placing 5 of 8 tiles,,5,,,,,,,,,,,,,,,,,,,,,,,,
s4_x0.80,4,0.8,14.48,2965.48,8,milp,failed,FAILED (n_placed=0): milp status infeasible: no 8-candidate selection satisfies the conflict / OAR rows (472 nodes searched),,0,,,,,,,,,,,,,,,,,,,,,,,,
s4_x0.80,4,0.8,14.48,2965.48,8,continuous,skipped,"skipped: continuous arm runs on scales (1.0,) only (budget)",,0,,,,,,,,,,,,,,,,,,,,,,,,
s4_x0.80,4,0.8,14.48,2965.48,10,random,skipped,skipped: random: no feasible 10-tile draw in 500 tries,,0,,,,,,,,,,,,,,,,,,,,,,,,
s4_x0.80,4,0.8,14.48,2965.48,10,uniform,skipped,skipped: uniform: only 3 of 10 non-conflicting anchors (spin fallback included),,0,,,,,,,,,,,,,,,,,,,,,,,,
s4_x0.80,4,0.8,14.48,2965.48,10,greedy,failed,FAILED (n_placed=5): greedy status infeasible: no compatible candidate left after placing 5 of 10 tiles,,5,,,,,,,,,,,,,,,,,,,,,,,,
s4_x0.80,4,0.8,14.48,2965.48,10,greedy+local,failed,FAILED (n_placed=5): greedy infeasible: no compatible candidate left after placing 5 of 10 tiles,,5,,,,,,,,,,,,,,,,,,,,,,,,
s4_x0.80,4,0.8,14.48,2965.48,10,sa,failed,FAILED (n_placed=5): sa status infeasible: greedy start failed: no compatible candidate left after placing 5 of 10 tiles,,5,,,,,,,,,,,,,,,,,,,,,,,,
s4_x0.80,4,0.8,14.48,2965.48,10,milp,skipped,"skipped: milp arm restricted to N in (4, 6, 8)",,0,,,,,,,,,,,,,,,,,,,,,,,,
s4_x0.80,4,0.8,14.48,2965.48,10,continuous,skipped,"skipped: continuous arm runs on scales (1.0,) only (budget)",,0,,,,,,,,,,,,,,,,,,,,,,,,
s4_x0.80,4,0.8,14.48,2965.48,12,random,skipped,skipped: random: no feasible 12-tile draw in 500 tries,,0,,,,,,,,,,,,,,,,,,,,,,,,
s4_x0.80,4,0.8,14.48,2965.48,12,uniform,skipped,skipped: uniform: only 3 of 12 non-conflicting anchors (spin fallback included),,0,,,,,,,,,,,,,,,,,,,,,,,,
s4_x0.80,4,0.8,14.48,2965.48,12,greedy,failed,FAILED (n_placed=5): greedy status infeasible: no compatible candidate left after placing 5 of 12 tiles,,5,,,,,,,,,,,,,,,,,,,,,,,,
s4_x0.80,4,0.8,14.48,2965.48,12,greedy+local,failed,FAILED (n_placed=5): greedy infeasible: no compatible candidate left after placing 5 of 12 tiles,,5,,,,,,,,,,,,,,,,,,,,,,,,
s4_x0.80,4,0.8,14.48,2965.48,12,sa,failed,FAILED (n_placed=5): sa status infeasible: greedy start failed: no compatible candidate left after placing 5 of 12 tiles,,5,,,,,,,,,,,,,,,,,,,,,,,,
s4_x0.80,4,0.8,14.48,2965.48,12,milp,skipped,"skipped: milp arm restricted to N in (4, 6, 8)",,0,,,,,,,,,,,,,,,,,,,,,,,,
s4_x0.80,4,0.8,14.48,2965.48,12,continuous,skipped,"skipped: continuous arm runs on scales (1.0,) only (budget)",,0,,,,,,,,,,,,,,,,,,,,,,,,
s5_x0.80,5,0.8,13.405,2819.87,8,truth,ok,,0,8,0.854589,5539.86,0.616425,0.37343,0.856529,5588.92,1,0.476087,18,8,1.62695,,,,,,,,,,,,,
s5_x0.80,5,0.8,13.405,2819.87,8,truth_raw,ok,,0,8,0.848068,5480.37,0.611353,0.375604,0.848691,5532.16,1,0.474155,7,6,1.63706,,,,,,,,,,,,,
s5_x0.80,5,0.8,13.405,2819.87,4,random,ok,,0,4,0.320652,3538.53,0,0,0.299575,,,,,,16.5761,0.352959,0.265676,3821.11,20,,,,,,,,,
s5_x0.80,5,0.8,13.405,2819.87,4,uniform,skipped,skipped: uniform: only 3 of 4 non-conflicting anchors (spin fallback included),,0,,,,,,,,,,,,,,,,,,,,,,,,
s5_x0.80,5,0.8,13.405,2819.87,4,greedy,ok,,0.0140359,4,0.314734,3358.19,0,0,0.322811,3313.02,0.866667,0,0,0,0.76534,,,,,,,13611,0,0.327,0.327,ok,,
s5_x0.80,5,0.8,13.405,2819.87,4,greedy+local,ok,,0.03384,4,0.40314,3131.41,0,0,0.38703,3103.28,0.83744,0,0,0,0.761435,,,,,,,13611,0,0.398,0.398,ok,,
s5_x0.80,5,0.8,13.405,2819.87,4,sa,ok,,0.915448,4,0.459662,2482.7,0,0,0.442619,2432.09,0.732367,0,0,0,0.756332,,,,,,,13611,0,0.453,0.453,ok,,
s5_x0.80,5,0.8,13.405,2819.87,4,milp,ok,,0.0070984,4,0.319082,3048.57,0,0,0.303056,2999.98,0.830676,0,0,0,0.777106,,,,,,,13611,0,0.316667,0.316667,optimal,0.316667,0
s5_x0.80,5,0.8,13.405,2819.87,4,continuous,skipped,"skipped: continuous arm runs on scales (1.0,) only (budget)",,0,,,,,,,,,,,,,,,,,,,,,,,,
s5_x0.80,5,0.8,13.405,2819.87,6,random,skipped,skipped: random: no feasible 6-tile draw in 500 tries,,0,,,,,,,,,,,,,,,,,,,,,,,,
s5_x0.80,5,0.8,13.405,2819.87,6,uniform,skipped,skipped: uniform: only 3 of 6 non-conflicting anchors (spin fallback included),,0,,,,,,,,,,,,,,,,,,,,,,,,
s5_x0.80,5,0.8,13.405,2819.87,6,greedy,failed,FAILED (n_placed=4): greedy status infeasible: no compatible candidate left after placing 4 of 6 tiles,,4,,,,,,,,,,,,,,,,,,,,,,,,
s5_x0.80,5,0.8,13.405,2819.87,6,greedy+local,failed,FAILED (n_placed=4): greedy infeasible: no compatible candidate left after placing 4 of 6 tiles,,4,,,,,,,,,,,,,,,,,,,,,,,,
s5_x0.80,5,0.8,13.405,2819.87,6,sa,failed,FAILED (n_placed=4): sa status infeasible: greedy start failed: no compatible candidate left after placing 4 of 6 tiles,,4,,,,,,,,,,,,,,,,,,,,,,,,
s5_x0.80,5,0.8,13.405,2819.87,6,milp,failed,FAILED (n_placed=0): milp status infeasible: no 6-candidate selection satisfies the conflict / OAR rows (227 nodes searched),,0,,,,,,,,,,,,,,,,,,,,,,,,
s5_x0.80,5,0.8,13.405,2819.87,6,continuous,skipped,"skipped: continuous arm runs on scales (1.0,) only (budget)",,0,,,,,,,,,,,,,,,,,,,,,,,,
s5_x0.80,5,0.8,13.405,2819.87,8,random,skipped,skipped: random: no feasible 8-tile draw in 500 tries,,0,,,,,,,,,,,,,,,,,,,,,,,,
s5_x0.80,5,0.8,13.405,2819.87,8,uniform,skipped,skipped: uniform: only 3 of 8 non-conflicting anchors (spin fallback included),,0,,,,,,,,,,,,,,,,,,,,,,,,
s5_x0.80,5,0.8,13.405,2819.87,8,greedy,failed,FAILED (n_placed=4): greedy status infeasible: no compatible candidate left after placing 4 of 8 tiles,,4,,,,,,,,,,,,,,,,,,,,,,,,
s5_x0.80,5,0.8,13.405,2819.87,8,greedy+local,failed,FAILED (n_placed=4): greedy infeasible: no compatible candidate left after placing 4 of 8 tiles,,4,,,,,,,,,,,,,,,,,,,,,,,,
s5_x0.80,5,0.8,13.405,2819.87,8,sa,failed,FAILED (n_placed=4): sa status infeasible: greedy start failed: no compatible candidate left after placing 4 of 8 tiles,,4,,,,,,,,,,,,,,,,,,,,,,,,
s5_x0.80,5,0.8,13.405,2819.87,8,milp,failed,FAILED (n_placed=0): milp status infeasible: no 8-candidate selection satisfies the conflict / OAR rows (213 nodes searched),,0,,,,,,,,,,,,,,,,,,,,,,,,
s5_x0.80,5,0.8,13.405,2819.87,8,continuous,skipped,"skipped: continuous arm runs on scales (1.0,) only (budget)",,0,,,,,,,,,,,,,,,,,,,,,,,,
s5_x0.80,5,0.8,13.405,2819.87,10,random,skipped,skipped: random: no feasible 10-tile draw in 500 tries,,0,,,,,,,,,,,,,,,,,,,,,,,,
s5_x0.80,5,0.8,13.405,2819.87,10,uniform,skipped,skipped: uniform: only 3 of 10 non-conflicting anchors (spin fallback included),,0,,,,,,,,,,,,,,,,,,,,,,,,
s5_x0.80,5,0.8,13.405,2819.87,10,greedy,failed,FAILED (n_placed=4): greedy status infeasible: no compatible candidate left after placing 4 of 10 tiles,,4,,,,,,,,,,,,,,,,,,,,,,,,
s5_x0.80,5,0.8,13.405,2819.87,10,greedy+local,failed,FAILED (n_placed=4): greedy infeasible: no compatible candidate left after placing 4 of 10 tiles,,4,,,,,,,,,,,,,,,,,,,,,,,,
s5_x0.80,5,0.8,13.405,2819.87,10,sa,failed,FAILED (n_placed=4): sa status infeasible: greedy start failed: no compatible candidate left after placing 4 of 10 tiles,,4,,,,,,,,,,,,,,,,,,,,,,,,
s5_x0.80,5,0.8,13.405,2819.87,10,milp,skipped,"skipped: milp arm restricted to N in (4, 6, 8)",,0,,,,,,,,,,,,,,,,,,,,,,,,
s5_x0.80,5,0.8,13.405,2819.87,10,continuous,skipped,"skipped: continuous arm runs on scales (1.0,) only (budget)",,0,,,,,,,,,,,,,,,,,,,,,,,,
s5_x0.80,5,0.8,13.405,2819.87,12,random,skipped,skipped: random: no feasible 12-tile draw in 500 tries,,0,,,,,,,,,,,,,,,,,,,,,,,,
s5_x0.80,5,0.8,13.405,2819.87,12,uniform,skipped,skipped: uniform: only 3 of 12 non-conflicting anchors (spin fallback included),,0,,,,,,,,,,,,,,,,,,,,,,,,
s5_x0.80,5,0.8,13.405,2819.87,12,greedy,failed,FAILED (n_placed=4): greedy status infeasible: no compatible candidate left after placing 4 of 12 tiles,,4,,,,,,,,,,,,,,,,,,,,,,,,
s5_x0.80,5,0.8,13.405,2819.87,12,greedy+local,failed,FAILED (n_placed=4): greedy infeasible: no compatible candidate left after placing 4 of 12 tiles,,4,,,,,,,,,,,,,,,,,,,,,,,,
s5_x0.80,5,0.8,13.405,2819.87,12,sa,failed,FAILED (n_placed=4): sa status infeasible: greedy start failed: no compatible candidate left after placing 4 of 12 tiles,,4,,,,,,,,,,,,,,,,,,,,,,,,
s5_x0.80,5,0.8,13.405,2819.87,12,milp,skipped,"skipped: milp arm restricted to N in (4, 6, 8)",,0,,,,,,,,,,,,,,,,,,,,,,,,
s5_x0.80,5,0.8,13.405,2819.87,12,continuous,skipped,"skipped: continuous arm runs on scales (1.0,) only (budget)",,0,,,,,,,,,,,,,,,,,,,,,,,,
s6_x0.80,6,0.8,13.367,2810.25,8,truth,ok,,0,8,0.834297,5439.5,0.603324,0.392341,0.828954,5427.62,1,0.481936,22,9,1.71848,,,,,,,,,,,,,
s6_x0.80,6,0.8,13.367,2810.25,8,truth_raw,ok,,0,8,0.81527,5271.09,0.581407,0.385838,0.808331,5267.44,1,0.4658,7,8,1.6799,,,,,,,,,,,,,
s6_x0.80,6,0.8,13.367,2810.25,4,random,ok,,0,4,0.28131,3719.04,0,0,0.2594,,,,,,17.0025,0.347748,0.211705,4063.63,20,,,,,,,,,
s6_x0.80,6,0.8,13.367,2810.25,4,uniform,ok,,0.0145467,4,0.253854,3657.52,0,0,0.231698,3698.18,0.907755,0,0,0,0.801041,,,,,,1,13193,0,,,,,
s6_x0.80,6,0.8,13.367,2810.25,4,greedy,ok,,0.0183482,4,0.371146,3340.03,0,0,0.341354,3346.51,0.872351,0,0,0,0.821825,,,,,,,13193,0,0.36,0.36,ok,,
s6_x0.80,6,0.8,13.367,2810.25,4,greedy+local,ok,,0.0221013,4,0.371146,3340.03,0,0,0.341354,3346.51,0.872351,0,0,0,0.912246,,,,,,,13193,0,0.36,0.36,ok,,
s6_x0.80,6,0.8,13.367,2810.25,4,sa,ok,,0.926719,4,0.468449,2843.07,0,0,0.448109,2787.27,0.791908,0,0,0,0.797478,,,,,,,13193,0,0.451,0.451,ok,,
s6_x0.80,6,0.8,13.367,2810.25,4,milp,failed,FAILED (n_placed=0): milp status infeasible: no 4-candidate selection satisfies the conflict / OAR rows (231 nodes searched),,0,,,,,,,,,,,,,,,,,,,,,,,,
s6_x0.80,6,0.8,13.367,2810.25,4,continuous,skipped,"skipped: continuous arm runs on scales (1.0,) only (budget)",,0,,,,,,,,,,,,,,,,,,,,,,,,
s6_x0.80,6,0.8,13.367,2810.25,6,random,skipped,skipped: random: no feasible 6-tile draw in 500 tries,,0,,,,,,,,,,,,,,,,,,,,,,,,
s6_x0.80,6,0.8,13.367,2810.25,6,uniform,skipped,skipped: uniform: only 4 of 6 non-conflicting anchors (spin fallback included),,0,,,,,,,,,,,,,,,,,,,,,,,,
s6_x0.80,6,0.8,13.367,2810.25,6,greedy,failed,FAILED (n_placed=3): greedy status infeasible: no compatible candidate left after placing 3 of 6 tiles,,3,,,,,,,,,,,,,,,,,,,,,,,,
s6_x0.80,6,0.8,13.367,2810.25,6,greedy+local,failed,FAILED (n_placed=3): greedy infeasible: no compatible candidate left after placing 3 of 6 tiles,,3,,,,,,,,,,,,,,,,,,,,,,,,
s6_x0.80,6,0.8,13.367,2810.25,6,sa,failed,FAILED (n_placed=3): sa status infeasible: greedy start failed: no compatible candidate left after placing 3 of 6 tiles,,3,,,,,,,,,,,,,,,,,,,,,,,,
s6_x0.80,6,0.8,13.367,2810.25,6,milp,failed,FAILED (n_placed=0): milp status infeasible: no 6-candidate selection satisfies the conflict / OAR rows (207 nodes searched),,0,,,,,,,,,,,,,,,,,,,,,,,,
s6_x0.80,6,0.8,13.367,2810.25,6,continuous,skipped,"skipped: continuous arm runs on scales (1.0,) only (budget)",,0,,,,,,,,,,,,,,,,,,,,,,,,
s6_x0.80,6,0.8,13.367,2810.25,8,random,skipped,skipped: random: no feasible 8-tile draw in 500 tries,,0,,,,,,,,,,,,,,,,,,,,,,,,
s6_x0.80,6,0.8,13.367,2810.25,8,uniform,skipped,skipped: uniform: only 4 of 8 non-conflicting anchors (spin fallback included),,0,,,,,,,,,,,,,,,,,,,,,,,,
s6_x0.80,6,0.8,13.367,2810.25,8,greedy,failed,FAILED (n_placed=3): greedy status infeasible: no compatible candidate left after placing 3 of 8 tiles,,3,,,,,,,,,,,,,,,,,,,,,,,,
s6_x0.80,6,0.8,13.367,2810.25,8,greedy+local,failed,FAILED (n_placed=3): greedy infeasible: no compatible candidate left after placing 3 of 8 tiles,,3,,,,,,,,,,,,,,,,,,,,,,,,
s6_x0.80,6,0.8,13.367,2810.25,8,sa,failed,FAILED (n_placed=3): sa status infeasible: greedy start failed: no compatible candidate left after placing 3 of 8 tiles,,3,,,,,,,,,,,,,,,,,,,,,,,,
s6_x0.80,6,0.8,13.367,2810.25,8,milp,failed,FAILED (n_placed=0): milp status infeasible: no 8-candidate selection satisfies the conflict / OAR rows (167 nodes searched),,0,,,,,,,,,,,,,,,,,,,,,,,,
s6_x0.80,6,0.8,13.367,2810.25,8,continuous,skipped,"skipped: continuous arm runs on scales (1.0,) only (budget)",,0,,,,,,,,,,,,,,,,,,,,,,,,
s6_x0.80,6,0.8,13.367,2810.25,10,random,skipped,skipped: random: no feasible 10-tile draw in 500 tries,,0,,,,,,,,,,,,,,,,,,,,,,,,
s6_x0.80,6,0.8,13.367,2810.25,10,uniform,skipped,skipped: uniform: only 4 of 10 non-conflicting anchors (spin fallback included),,0,,,,,,,,,,,,,,,,,,,,,,,,
s6_x0.80,6,0.8,13.367,2810.25,10,greedy,failed,FAILED (n_placed=3): greedy status infeasible: no compatible candidate left after placing 3 of 10 tiles,,3,,,,,,,,,,,,,,,,,,,,,,,,
s6_x0.80,6,0.8,13.367,2810.25,10,greedy+local,failed,FAILED (n_placed=3): greedy infeasible: no compatible candidate left after placing 3 of 10 tiles,,3,,,,,,,,,,,,,,,,,,,,,,,,
s6_x0.80,6,0.8,13.367,2810.25,10,sa,failed,FAILED (n_placed=3): sa status infeasible: greedy start failed: no compatible candidate left after placing 3 of 10 tiles,,3,,,,,,,,,,,,,,,,,,,,,,,,
s6_x0.80,6,0.8,13.367,2810.25,10,milp,skipped,"skipped: milp arm restricted to N in (4, 6, 8)",,0,,,,,,,,,,,,,,,,,,,,,,,,
s6_x0.80,6,0.8,13.367,2810.25,10,continuous,skipped,"skipped: continuous arm runs on scales (1.0,) only (budget)",,0,,,,,,,,,,,,,,,,,,,,,,,,
s6_x0.80,6,0.8,13.367,2810.25,12,random,skipped,skipped: random: no feasible 12-tile draw in 500 tries,,0,,,,,,,,,,,,,,,,,,,,,,,,
s6_x0.80,6,0.8,13.367,2810.25,12,uniform,skipped,skipped: uniform: only 4 of 12 non-conflicting anchors (spin fallback included),,0,,,,,,,,,,,,,,,,,,,,,,,,
s6_x0.80,6,0.8,13.367,2810.25,12,greedy,failed,FAILED (n_placed=3): greedy status infeasible: no compatible candidate left after placing 3 of 12 tiles,,3,,,,,,,,,,,,,,,,,,,,,,,,
s6_x0.80,6,0.8,13.367,2810.25,12,greedy+local,failed,FAILED (n_placed=3): greedy infeasible: no compatible candidate left after placing 3 of 12 tiles,,3,,,,,,,,,,,,,,,,,,,,,,,,
s6_x0.80,6,0.8,13.367,2810.25,12,sa,failed,FAILED (n_placed=3): sa status infeasible: greedy start failed: no compatible candidate left after placing 3 of 12 tiles,,3,,,,,,,,,,,,,,,,,,,,,,,,
s6_x0.80,6,0.8,13.367,2810.25,12,milp,skipped,"skipped: milp arm restricted to N in (4, 6, 8)",,0,,,,,,,,,,,,,,,,,,,,,,,,
s6_x0.80,6,0.8,13.367,2810.25,12,continuous,skipped,"skipped: continuous arm runs on scales (1.0,) only (budget)",,0,,,,,,,,,,,,,,,,,,,,,,,,
s1_x1.00,1,1,24.382,4178.09,8,truth,ok,,0,8,0.65816,3772.38,0.408648,0.041775,0.645684,3781.81,0.866222,0.243823,16,6,2.10573,,,,,,,,,,,,,
s1_x1.00,1,1,24.382,4178.09,8,truth_raw,ok,,0,8,0.646944,3702.81,0.404909,0.0622562,0.634672,3728.76,0.855657,0.25065,5,6,2.203,,,,,,,,,,,,,
s1_x1.00,1,1,24.382,4178.09,4,random,ok,,0,4,0.014223,2427.94,0,0,0.0128373,,,,,,21.174,0.0769425,0,2737.8,20,,,,,,,,,
s1_x1.00,1,1,24.382,4178.09,4,uniform,ok,,0.0020858,4,0.000487646,2156.69,0,0,0.000377686,2087.68,0.646456,0,0,0,1.0028,,,,,,0,168149,0,,,,,
s1_x1.00,1,1,24.382,4178.09,4,greedy,ok,,0.06709,4,0.2487,1408.91,0,0,0.244646,1410.39,0.507477,0,0,0,1.1048,,,,,,,168149,0,0.259,0.259,ok,,
s1_x1.00,1,1,24.382,4178.09,4,greedy+local,ok,,0.113261,4,0.2487,1408.91,0,0,0.244646,1410.39,0.507477,0,0,0,1.00868,,,,,,,168149,0,0.259,0.259,ok,,
s1_x1.00,1,1,24.382,4178.09,4,sa,ok,,1.595,4,0.2487,1408.91,0,0,0.244646,1410.39,0.507477,0,0,0,0.980419,,,,,,,168149,0,0.259,0.259,ok,,
s1_x1.00,1,1,24.382,4178.09,4,milp,ok,,0.960732,4,0.248049,1440.53,0,0,0.253564,1434.03,0.47448,0,0,0,1.10017,,,,,,,168149,0,0.276667,0.276667,optimal,0.276667,0
s1_x1.00,1,1,24.382,4178.09,4,continuous,ok,,38.8819,4,0.2487,1408.91,0,0,0.244646,1410.39,0.507477,0,0,0,1.17721,,,,,60,,168149,0,0.221,0.221,ok,,
s1_x1.00,1,1,24.382,4178.09,6,random,ok,,0,6,0.483095,4412.71,0,0,0.465177,,,,,,31.6592,0.522871,0.443067,4700.05,20,,,,,,,,,
s1_x1.00,1,1,24.382,4178.09,6,uniform,ok,,0.0157197,6,0.424415,4756.97,0,0,0.441402,4766.45,1,0,0,0,1.57277,,,,,,1,168149,0,,,,,
s1_x1.00,1,1,24.382,4178.09,6,greedy,ok,,0.0944981,6,0.563231,3323.04,0.000162549,0,0.557414,3270.82,0.84184,0,0,0,1.51261,,,,,,,168149,0,0.581,0.581,ok,,
s1_x1.00,1,1,24.382,4178.09,6,greedy+local,ok,,0.179259,6,0.594603,3148.64,0.000325098,0,0.599307,3097.9,0.816645,0,0,0,1.57908,,,,,,,168149,0,0.617,0.617,max_evals,,
s1_x1.00,1,1,24.382,4178.09,6,sa,ok,,1.93539,6,0.625325,3531.63,0,0,0.63329,3450.7,0.867685,0,0,0,1.59173,,,,,,,168149,0,0.658,0.658,ok,,
s1_x1.00,1,1,24.382,4178.09,6,milp,ok,,1.86306,6,0.601918,3319.77,0,0,0.601014,3205.22,0.836476,0,0,0,1.57346,,,,,,,168149,0,0.643333,0.643333,optimal,0.643333,0
s1_x1.00,1,1,24.382,4178.09,6,continuous,ok,,57.7312,6,0.5842,3335.93,0,0,0.574156,3285.54,0.844278,0,0,0,1.6296,,,,,60,,168149,0,0.58,0.58,ok,,
s1_x1.00,1,1,24.382,4178.09,8,random,skipped,skipped: random: no feasible 8-tile draw in 500 tries,,0,,,,,,,,,,,,,,,,,,,,,,,,
s1_x1.00,1,1,24.382,4178.09,8,uniform,skipped,skipped: uniform: only 6 of 8 non-conflicting anchors (spin fallback included),,0,,,,,,,,,,,,,,,,,,,,,,,,
s1_x1.00,1,1,24.382,4178.09,8,greedy,ok,,0.125708,8,0.999025,6487.87,0.14158,0,0.998102,6479.92,1,0,0,0,2.0776,,,,,,,168149,0,0.998,0.998,ok,,
s1_x1.00,1,1,24.382,4178.09,8,greedy+local,ok,,0.178058,8,0.998537,6586.48,0.112809,0,0.99752,6574.23,1,0,0,0,1.97182,,,,,,,168149,0,0.999,0.999,ok,,
s1_x1.00,1,1,24.382,4178.09,8,sa,ok,,1.79692,8,1,6908.87,0.0143043,0,1,6886.12,1,0,0,0,2.03328,,,,,,,168149,0,1,1,ok,,
s1_x1.00,1,1,24.382,4178.09,8,milp,failed,FAILED (n_placed=0): milp status infeasible: no 8-candidate selection satisfies the conflict / OAR rows (77608 nodes searched),,0,,,,,,,,,,,,,,,,,,,,,,,,
s1_x1.00,1,1,24.382,4178.09,8,continuous,ok,,59.7315,8,0.999837,6842.52,0.0895644,0,0.999698,6821.15,1,0,0,0,1.97965,,,,,60,,168149,0,1,1,ok,,
s1_x1.00,1,1,24.382,4178.09,10,random,skipped,skipped: random: no feasible 10-tile draw in 500 tries,,0,,,,,,,,,,,,,,,,,,,,,,,,
s1_x1.00,1,1,24.382,4178.09,10,uniform,skipped,skipped: uniform: only 6 of 10 non-conflicting anchors (spin fallback included),,0,,,,,,,,,,,,,,,,,,,,,,,,
s1_x1.00,1,1,24.382,4178.09,10,greedy,failed,FAILED (n_placed=7): greedy status infeasible: no compatible candidate left after placing 7 of 10 tiles,,7,,,,,,,,,,,,,,,,,,,,,,,,
s1_x1.00,1,1,24.382,4178.09,10,greedy+local,failed,FAILED (n_placed=7): greedy infeasible: no compatible candidate left after placing 7 of 10 tiles,,7,,,,,,,,,,,,,,,,,,,,,,,,
s1_x1.00,1,1,24.382,4178.09,10,sa,failed,FAILED (n_placed=7): sa status infeasible: greedy start failed: no compatible candidate left after placing 7 of 10 tiles,,7,,,,,,,,,,,,,,,,,,,,,,,,
s1_x1.00,1,1,24.382,4178.09,10,milp,skipped,"skipped: milp arm restricted to N in (4, 6, 8)",,0,,,,,,,,,,,,,,,,,,,,,,,,
s1_x1.00,1,1,24.382,4178.09,10,continuous,failed,FAILED (n_placed=0): continuous status infeasible: no feasible 10-tile start found among 869 candidates,,0,,,,,,,,,,,,,,,,,,,,,,,,
s1_x1.00,1,1,24.382,4178.09,12,random,skipped,skipped: random: no feasible 12-tile draw in 500 tries,,0,,,,,,,,,,,,,,,,,,,,,,,,
s1_x1.00,1,1,24.382,4178.09,12,uniform,skipped,skipped: uniform: only 6 of 12 non-conflicting anchors (spin fallback included),,0,,,,,,,,,,,,,,,,,,,,,,,,
s1_x1.00,1,1,24.382,4178.09,12,greedy,failed,FAILED (n_placed=7): greedy status infeasible: no compatible candidate left after placing 7 of 12 tiles,,7,,,,,,,,,,,,,,,,,,,,,,,,
s1_x1.00,1,1,24.382,4178.09,12,greedy+local,failed,FAILED (n_placed=7): greedy infeasible: no compatible candidate left after placing 7 of 12 tiles,,7,,,,,,,,,,,,,,,,,,,,,,,,
s1_x1.00,1,1,24.382,4178.09,12,sa,failed,FAILED (n_placed=7): sa status infeasible: greedy start failed: no compatible candidate left after placing 7 of 12 tiles,,7,,,,,,,,,,,,,,,,,,,,,,,,
s1_x1.00,1,1,24.382,4178.09,12,milp,skipped,"skipped: milp arm restricted to N in (4, 6, 8)",,0,,,,,,,,,,,,,,,,,,,,,,,,
s1_x1.00,1,1,24.382,4178.09,12,continuous,failed,FAILED (n_placed=0): continuous status infeasible: no feasible 12-tile start found among 869 candidates,,0,,,,,,,,,,,,,,,,,,,,,,,,
s2_x1.00,2,1,27.605,4560.85,8,truth,ok,,0,8,0.63375,3594.07,0.35493,0.0141495,0.621586,3633.79,0.835567,0.10143,13,7,2.27786,,,,,,,,,,,,,
s2_x1.00,2,1,27.605,4560.85,8,truth_raw,ok,,0,8,0.622431,3538.95,0.355824,0.0338099,0.609279,3568.14,0.824844,0.134495,6,8,2.29121,,,,,,,,,,,,,
s2_x1.00,2,1,27.605,4560.85,4,random,ok,,0,4,0.000446828,2206.82,0,0,0.000675427,,,,,,22.5002,0.0311513,0,2498.58,20,,,,,,,,,
s2_x1.00,2,1,27.605,4560.85,4,uniform,ok,,0.0039768,4,0,2340.75,0,0,0,2278.96,0.555853,0,0,0,1.01597,,,,,,0,190169,0,,,,,
s2_x1.00,2,1,27.605,4560.85,4,greedy,ok,,0.0749148,4,0.231606,1239.15,0,0,0.240133,1243.66,0.417188,0,0,0,1.14691,,,,,,,190169,0,0.224,0.224,ok,,
s2_x1.00,2,1,27.605,4560.85,4,greedy+local,ok,,0.175261,4,0.23518,1234.08,0,0,0.244283,1237.55,0.420018,0,0,0,1.07257,,,,,,,190169,0,0.229,0.229,max_evals,,
s2_x1.00,2,1,27.605,4560.85,4,sa,ok,,1.49911,4,0.250521,1154.03,0,0,0.250215,1148.48,0.438785,0,0,0,1.07006,,,,,,,190169,0,0.266,0.266,ok,,
s2_x1.00,2,1,27.605,4560.85,4,milp,ok,,1.54733,4,0.172475,1392.88,0,0,0.174412,1423.37,0.474382,0,0,0,1.14448,,,,,,,190169,0,0.21,0.21,optimal,0.21,0
s2_x1.00,2,1,27.605,4560.85,4,continuous,ok,,37.5549,4,0.231606,1239.15,0,0,0.240133,1243.66,0.417188,0,0,0,1.23484,,,,,60,,190169,0,0.223,0.223,ok,,
s2_x1.00,2,1,27.605,4560.85,6,random,ok,,0,6,0.357164,4055.24,0,0,0.343375,,,,,,33.6657,0.384994,0.328686,4198.08,20,,,,,,,,,
s2_x1.00,2,1,27.605,4560.85,6,uniform,ok,,0.0140068,6,0.374144,3939.75,0,0,0.359238,3947.49,0.91272,0,0,0,1.6295,,,,,,0,190169,0,,,,,
s2_x1.00,2,1,27.605,4560.85,6,greedy,ok,,0.121172,6,0.484659,2444.91,0.0199583,0,0.482324,2482.75,0.706583,0,0,0,1.58278,,,,,,,190169,0,0.474,0.474,ok,,
s2_x1.00,2,1,27.605,4560.85,6,greedy+local,ok,,0.207365,6,0.483318,2689.74,0,0,0.492487,2628.31,0.740095,0,0,0,1.71322,,,,,,,190169,0,0.518,0.518,max_evals,,
s2_x1.00,2,1,27.605,4560.85,6,sa,ok,,2.02956,6,0.563896,2644.03,0,0,0.562402,2612.5,0.755436,0,0,0,1.67943,,,,,,,190169,0,0.575,0.575,ok,,
s2_x1.00,2,1,27.605,4560.85,6,milp,ok,,5.38109,6,0.538278,2643.16,0,0,0.523778,2639.68,0.757671,0,0,0,1.71939,,,,,,,190169,0,0.563333,0.563333,optimal,0.563333,0
s2_x1.00,2,1,27.605,4560.85,6,continuous,ok,,57.7317,6,0.484659,2444.91,0.0199583,0,0.482324,2482.75,0.706583,0,0,0,1.69879,,,,,60,,190169,0,0.48,0.48,ok,,
s2_x1.00,2,1,27.605,4560.85,8,random,ok,,0,8,0.907954,6047.51,0.0240542,0,0.894992,,,,,,44.6411,0.963196,0.842665,6332.17,20,,,,,,,,,
s2_x1.00,2,1,27.605,4560.85,8,uniform,skipped,skipped: uniform: only 6 of 8 non-conflicting anchors (spin fallback included),,0,,,,,,,,,,,,,,,,,,,,,,,,
s2_x1.00,2,1,27.605,4560.85,8,greedy,ok,,0.162397,8,0.864164,5819.38,0.117218,0,0.854899,5789.26,1,0.00059577,0,0,2.19161,,,,,,,190169,0,0.855,0.855,ok,,
s2_x1.00,2,1,27.605,4560.85,8,greedy+local,ok,,0.284576,8,0.98034,6322.1,0.0183199,0,0.976671,6312.77,1,0,0,0,2.15314,,,,,,,190169,0,0.981,0.981,max_evals,,
s2_x1.00,2,1,27.605,4560.85,8,sa,ok,,2.16624,8,0.999851,6589.43,0.000446828,0,0.999728,6551.32,1,0,0,0,2.22686,,,,,,,190169,0,1,1,ok,,
s2_x1.00,2,1,27.605,4560.85,8,milp,ok,,2.78074,8,0.976616,6412.72,0,0,0.97165,6373.8,1,0,0,0,2.41576,,,,,,,190169,0,0.976667,0.976667,optimal,0.976667,0
s2_x1.00,2,1,27.605,4560.85,8,continuous,ok,,60.045,8,0.924486,6110.64,0.0329163,0,0.923787,6110.6,1,0,0,0,2.15641,,,,,60,,190169,0,0.91,0.91,time_limit,,
s2_x1.00,2,1,27.605,4560.85,10,random,skipped,skipped: random: no feasible 10-tile draw in 500 tries,,0,,,,,,,,,,,,,,,,,,,,,,,,
s2_x1.00,2,1,27.605,4560.85,10,uniform,skipped,skipped: uniform: only 6 of 10 non-conflicting anchors (spin fallback included),,0,,,,,,,,,,,,,,,,,,,,,,,,
s2_x1.00,2,1,27.605,4560.85,10,greedy,failed,FAILED (n_placed=7): greedy status infeasible: no compatible candidate left after placing 7 of 10 tiles,,7,,,,,,,,,,,,,,,,,,,,,,,,
s2_x1.00,2,1,27.605,4560.85,10,greedy+local,failed,FAILED (n_placed=7): greedy infeasible: no compatible candidate left after placing 7 of 10 tiles,,7,,,,,,,,,,,,,,,,,,,,,,,,
s2_x1.00,2,1,27.605,4560.85,10,sa,failed,FAILED (n_placed=7): sa status infeasible: greedy start failed: no compatible candidate left after placing 7 of 10 tiles,,7,,,,,,,,,,,,,,,,,,,,,,,,
s2_x1.00,2,1,27.605,4560.85,10,milp,skipped,"skipped: milp arm restricted to N in (4, 6, 8)",,0,,,,,,,,,,,,,,,,,,,,,,,,
s2_x1.00,2,1,27.605,4560.85,10,continuous,failed,FAILED (n_placed=0): continuous status infeasible: no feasible 10-tile start found among 965 candidates,,0,,,,,,,,,,,,,,,,,,,,,,,,
s2_x1.00,2,1,27.605,4560.85,12,random,skipped,skipped: random: no feasible 12-tile draw in 500 tries,,0,,,,,,,,,,,,,,,,,,,,,,,,
s2_x1.00,2,1,27.605,4560.85,12,uniform,skipped,skipped: uniform: only 6 of 12 non-conflicting anchors (spin fallback included),,0,,,,,,,,,,,,,,,,,,,,,,,,
s2_x1.00,2,1,27.605,4560.85,12,greedy,failed,FAILED (n_placed=7): greedy status infeasible: no compatible candidate left after placing 7 of 12 tiles,,7,,,,,,,,,,,,,,,,,,,,,,,,
s2_x1.00,2,1,27.605,4560.85,12,greedy+local,failed,FAILED (n_placed=7): greedy infeasible: no compatible candidate left after placing 7 of 12 tiles,,7,,,,,,,,,,,,,,,,,,,,,,,,
s2_x1.00,2,1,27.605,4560.85,12,sa,failed,FAILED (n_placed=7): sa status infeasible: greedy start failed: no compatible candidate left after placing 7 of 12 tiles,,7,,,,,,,,,,,,,,,,,,,,,,,,
s2_x1.00,2,1,27.605,4560.85,12,milp,skipped,"skipped: milp arm restricted to N in (4, 6, 8)",,0,,,,,,,,,,,,,,,,,,,,,,,,
s2_x1.00,2,1,27.605,4560.85,12,continuous,failed,FAILED (n_placed=0): continuous status infeasible: no feasible 12-tile start found among 965 candidates,,0,,,,,,,,,,,,,,,,,,,,,,,,
s3_x1.00,3,1,26.582,4444.33,8,truth,ok,,0,8,0.580374,3302.16,0.371096,0.105175,0.573184,3304.25,0.785211,0.25199,16,6,2.06915,,,,,,,,,,,,,
s3_x1.00,3,1,26.582,4444.33,8,truth_raw,ok,,0,8,0.568279,3226.24,0.36681,0.153246,0.561903,3230.71,0.768371,0.258267,4,8,2.09743,,,,,,,,,,,,,
s3_x1.00,3,1,26.582,4444.33,4,random,ok,,0,4,0.000229639,2227.25,0,0,7.30709e-05,,,,,,20.8947,0.0352878,0,2559.71,20,,,,,,,,,
s3_x1.00,3,1,26.582,4444.33,4,uniform,ok,,0.0035581,4,0.0252603,2123.66,0,0,0.0191874,2073.6,0.532149,0,0,0,0.923551,,,,,,0,177231,0,,,,,
s3_x1.00,3,1,26.582,4444.33,4,greedy,ok,,0.0751559,4,0.212339,1307.86,0,0,0.220605,1308.11,0.467391,0,0,0,0.967088,,,,,,,177231,0,0.198,0.198,ok,,
s3_x1.00,3,1,26.582,4444.33,4,greedy+local,ok,,0.113262,4,0.212339,1307.86,0,0,0.220605,1308.11,0.467391,0,0,0,1.06448,,,,,,,177231,0,0.198,0.198,ok,,
s3_x1.00,3,1,26.582,4444.33,4,sa,ok,,1.40941,4,0.244795,1210.29,0,0,0.2314,1172.57,0.473209,0,0,0,1.00695,,,,,,,177231,0,0.255,0.255,ok,,
s3_x1.00,3,1,26.582,4444.33,4,milp,ok,,1.06831,4,0.249541,1232.5,0,0,0.238059,1222.09,0.451929,0,0,0,1.01003,,,,,,,177231,0,0.306667,0.306667,optimal,0.306667,0
s3_x1.00,3,1,26.582,4444.33,4,continuous,ok,,34.7277,4,0.212339,1307.86,0,0,0.220605,1308.11,0.467391,0,0,0,1.01304,,,,,60,,177231,0,0.227,0.227,ok,,
s3_x1.00,3,1,26.582,4444.33,6,random,ok,,0,6,0.389008,4139.85,0,0,0.379097,,,,,,30.6194,0.43342,0.356476,4543.43,20,,,,,,,,,
s3_x1.00,3,1,26.582,4444.33,6,uniform,ok,,0.0086348,6,0.359767,4206.17,0,0,0.359774,4211.61,0.986987,0,0,0,1.44893,,,,,,0,177231,0,,,,,
s3_x1.00,3,1,26.582,4444.33,6,greedy,ok,,0.112201,6,0.481017,2874.95,0,0,0.483416,2830.62,0.785364,0,0,0,1.63772,,,,,,,177231,0,0.456,0.456,ok,,
s3_x1.00,3,1,26.582,4444.33,6,greedy+local,ok,,0.207229,6,0.524648,3008.12,0,0,0.531323,2948.37,0.808328,0,0,0,1.52889,,,,,,,177231,0,0.5,0.5,max_evals,,
s3_x1.00,3,1,26.582,4444.33,6,sa,ok,,1.98873,6,0.57869,2847.19,0,0,0.567733,2794.17,0.781231,0,0,0,1.48946,,,,,,,177231,0,0.607,0.607,ok,,
s3_x1.00,3,1,26.582,4444.33,6,milp,ok,,5.82891,6,0.533221,3020.4,0,0,0.52223,2912.05,0.805879,0,0,0,1.60001,,,,,,,177231,0,0.573333,0.573333,optimal,0.573333,0
s3_x1.00,3,1,26.582,4444.33,6,continuous,ok,,57.9697,6,0.481017,2874.95,0,0,0.483416,2830.62,0.785364,0,0,0,1.45278,,,,,60,,177231,0,0.478,0.478,ok,,
s3_x1.00,3,1,26.582,4444.33,8,random,ok,,0,8,0.916871,6106.16,0.032226,0,0.903031,,,,,,42.9765,0.976707,0.847795,6459.13,20,,,,,,,,,
s3_x1.00,3,1,26.582,4444.33,8,uniform,skipped,skipped: uniform: only 6 of 8 non-conflicting anchors (spin fallback included),,0,,,,,,,,,,,,,,,,,,,,,,,,
s3_x1.00,3,1,26.582,4444.33,8,greedy,ok,,0.150585,8,0.952388,6398.88,0.0295468,0,0.954436,6351.42,1,0,0,0,2.14836,,,,,,,177231,0,0.955,0.955,ok,,
s3_x1.00,3,1,26.582,4444.33,8,greedy+local,ok,,0.172959,8,0.952388,6398.88,0.0295468,0,0.954436,6351.42,1,0,0,0,2.10439,,,,,,,177231,0,0.955,0.955,ok,,
s3_x1.00,3,1,26.582,4444.33,8,sa,ok,,1.71848,8,1,6774.91,0,0,1,6701.9,1,0,0,0,2.12124,,,,,,,177231,0,1,1,ok,,
s3_x1.00,3,1,26.582,4444.33,8,milp,ok,,3.12928,8,0.939988,6382.47,0.00489896,0,0.928888,6277.88,1,0,0,0,2.22245,,,,,,,177231,0,0.936667,0.936667,optimal,0.936667,0
s3_x1.00,3,1,26.582,4444.33,8,continuous,ok,,60.0337,8,0.952388,6398.88,0.0295468,0,0.954436,6351.42,1,0,0,0,1.97374,,,,,60,,177231,0,0.952,0.952,time_limit,,
s3_x1.00,3,1,26.582,4444.33,10,random,skipped,skipped: random: no feasible 10-tile draw in 500 tries,,0,,,,,,,,,,,,,,,,,,,,,,,,
s3_x1.00,3,1,26.582,4444.33,10,uniform,skipped,skipped: uniform: only 6 of 10 non-conflicting anchors (spin fallback included),,0,,,,,,,,,,,,,,,,,,,,,,,,
s3_x1.00,3,1,26.582,4444.33,10,greedy,failed,FAILED (n_placed=7): greedy status infeasible: no compatible candidate left after placing 7 of 10 tiles,,7,,,,,,,,,,,,,,,,,,,,,,,,
s3_x1.00,3,1,26.582,4444.33,10,greedy+local,failed,FAILED (n_placed=7): greedy infeasible: no compatible candidate left after placing 7 of 10 tiles,,7,,,,,,,,,,,,,,,,,,,,,,,,
s3_x1.00,3,1,26.582,4444.33,10,sa,failed,FAILED (n_placed=7): sa status infeasible: greedy start failed: no compatible candidate left after placing 7 of 10 tiles,,7,,,,,,,,,,,,,,,,,,,,,,,,
s3_x1.00,3,1,26.582,4444.33,10,milp,skipped,"skipped: milp arm restricted to N in (4, 6, 8)",,0,,,,,,,,,,,,,,,,,,,,,,,,
s3_x1.00,3,1,26.582,4444.33,10,continuous,failed,FAILED (n_placed=0): continuous status infeasible: no feasible 10-tile start found among 919 candidates,,0,,,,,,,,,,,,,,,,,,,,,,,,
s3_x1.00,3,1,26.582,4444.33,12,random,skipped,skipped: random: no feasible 12-tile draw in 500 tries,,0,,,,,,,,,,,,,,,,,,,,,,,,
s3_x1.00,3,1,26.582,4444.33,12,uniform,skipped,skipped: uniform: only 6 of 12 non-conflicting anchors (spin fallback included),,0,,,,,,,,,,,,,,,,,,,,,,,,
s3_x1.00,3,1,26.582,4444.33,12,greedy,failed,FAILED (n_placed=7): greedy status infeasible: no compatible candidate left after placing 7 of 12 tiles,,7,,,,,,,,,,,,,,,,,,,,,,,,
s3_x1.00,3,1,26.582,4444.33,12,greedy+local,failed,FAILED (n_placed=7): greedy infeasible: no compatible candidate left after placing 7 of 12 tiles,,7,,,,,,,,,,,,,,,,,,,,,,,,
s3_x1.00,3,1,26.582,4444.33,12,sa,failed,FAILED (n_placed=7): sa status infeasible: greedy start failed: no compatible candidate left after placing 7 of 12 tiles,,7,,,,,,,,,,,,,,,,,,,,,,,,
s3_x1.00,3,1,26.582,4444.33,12,milp,skipped,"skipped: milp arm restricted to N in (4, 6, 8)",,0,,,,,,,,,,,,,,,,,,,,,,,,
s3_x1.00,3,1,26.582,4444.33,12,continuous,failed,FAILED (n_placed=0): continuous status infeasible: no feasible 12-tile start found among 919 candidates,,0,,,,,,,,,,,,,,,,,,,,,,,,
s4_x1.00,4,1,28.474,4636.48,8,truth,ok,,0,8,0.617518,3360.71,0.347299,0.00437956,0.606348,3367.67,0.810511,0.154015,11,9,2.07395,,,,,,,,,,,,,
s4_x1.00,4,1,28.474,4636.48,8,truth_raw,ok,,0,8,0.61781,3332.26,0.34146,0.0181022,0.606324,3347.27,0.804818,0.155766,2,8,2.19263,,,,,,,,,,,,,
s4_x1.00,4,1,28.474,4636.48,4,random,ok,,0,4,7.29927e-05,2185.7,0,0,0.000122881,,,,,,21.5069,0.0159927,0,2438.46,20,,,,,,,,,
s4_x1.00,4,1,28.474,4636.48,4,uniform,ok,,0.0043208,4,0,1974.89,0,0,0,1964.29,0.546423,0,0,0,1.10157,,,,,,0,198014,0,,,,,
s4_x1.00,4,1,28.474,4636.48,4,greedy,ok,,0.0790689,4,0.215328,1222.9,0.000145985,0,0.216045,1214.25,0.405109,0,0,0,1.03874,,,,,,,198014,0,0.208,0.208,ok,,
s4_x1.00,4,1,28.474,4636.48,4,greedy+local,ok,,0.108276,4,0.215328,1222.9,0.000145985,0,0.216045,1214.25,0.405109,0,0,0,1.10429,,,,,,,198014,0,0.208,0.208,ok,,
s4_x1.00,4,1,28.474,4636.48,4,sa,ok,,1.3167,4,0.242774,1161.65,0,0,0.244599,1145.42,0.436204,0,0,0,1.01921,,,,,,,198014,0,0.251,0.251,ok,,
s4_x1.00,4,1,28.474,4636.48,4,milp,ok,,2.22763,4,0.23708,1127.48,0,0,0.234167,1113,0.420438,0,0,0,1.0671,,,,,,,198014,0,0.25,0.25,optimal,0.25,0
s4_x1.00,4,1,28.474,4636.48,4,continuous,ok,,33.9696,4,0.215328,1222.9,0.000145985,0,0.216045,1214.25,0.405109,0,0,0,1.04478,,,,,60,,198014,0,0.204,0.204,ok,,
s4_x1.00,4,1,28.474,4636.48,6,random,ok,,0,6,0.311825,3951.37,0,0,0.301951,,,,,,31.836,0.374277,0.246044,4399.07,20,,,,,,,,,
s4_x1.00,4,1,28.474,4636.48,6,uniform,skipped,skipped: uniform: only 5 of 6 non-conflicting anchors (spin fallback included),,0,,,,,,,,,,,,,,,,,,,,,,,,
s4_x1.00,4,1,28.474,4636.48,6,greedy,ok,,0.113263,6,0.488175,2316.46,0.0141606,0,0.492372,2278.24,0.673577,0,0,0,1.63698,,,,,,,198014,0,0.491,0.491,ok,,
s4_x1.00,4,1,28.474,4636.48,6,greedy+local,ok,,0.204453,6,0.491387,2680.38,0.0010219,0,0.49976,2644.55,0.728321,0,0,0,1.53972,,,,,,,198014,0,0.513,0.513,max_evals,,
s4_x1.00,4,1,28.474,4636.48,6,sa,ok,,2.09208,6,0.549489,2553.18,0,0,0.558136,2496.93,0.74146,0,0,0,1.53406,,,,,,,198014,0,0.567,0.567,ok,,
s4_x1.00,4,1,28.474,4636.48,6,milp,ok,,11.6033,6,0.46146,2860.39,0,0,0.475525,2860.44,0.787153,0,0,0,1.66377,,,,,,,198014,0,0.506667,0.506667,optimal,0.506667,0
s4_x1.00,4,1,28.474,4636.48,6,continuous,ok,,53.3485,6,0.496204,2410.49,0.00613139,0,0.501385,2369.11,0.695036,0,0,0,1.59857,,,,,60,,198014,0,0.512,0.512,ok,,
s4_x1.00,4,1,28.474,4636.48,8,random,ok,,0,8,0.871825,5805.98,0.00635036,0,0.868505,,,,,,42.4976,0.93646,0.82338,6176.47,20,,,,,,,,,
s4_x1.00,4,1,28.474,4636.48,8,uniform,skipped,skipped: uniform: only 5 of 8 non-conflicting anchors (spin fallback included),,0,,,,,,,,,,,,,,,,,,,,,,,,
s4_x1.00,4,1,28.474,4636.48,8,greedy,ok,,0.151846,8,0.846131,5561.9,0.0909489,0,0.84723,5580.13,1,0,0,0,2.14282,,,,,,,198014,0,0.854,0.854,ok,,
s4_x1.00,4,1,28.474,4636.48,8,greedy+local,ok,,0.229721,8,0.895328,5984.1,0.0164964,0,0.90053,6004.75,1,0,0,0,2.13119,,,,,,,198014,0,0.915,0.915,max_evals,,
s4_x1.00,4,1,28.474,4636.48,8,sa,ok,,2.14095,8,0.99708,6490.93,0.000291971,0,0.995814,6474.31,1,0,0,0,2.02867,,,,,,,198014,0,1,1,ok,,
s4_x1.00,4,1,28.474,4636.48,8,milp,ok,,5.73681,8,0.946131,6275.63,0,0,0.947823,6271.06,1,0,0,0,2.0915,,,,,,,198014,0,0.943333,0.943333,optimal,0.943333,0
s4_x1.00,4,1,28.474,4636.48,8,continuous,ok,,60.0421,8,0.964818,6252.61,0.0211679,0,0.966256,6247.74,1,0,0,0,2.15786,,,,,60,,198014,0,0.963,0.963,time_limit,,
s4_x1.00,4,1,28.474,4636.48,10,random,skipped,skipped: random: no feasible 10-tile draw in 500 tries,,0,,,,,,,,,,,,,,,,,,,,,,,,
s4_x1.00,4,1,28.474,4636.48,10,uniform,skipped,skipped: uniform: only 5 of 10 non-conflicting anchors (spin fallback included),,0,,,,,,,,,,,,,,,,,,,,,,,,
s4_x1.00,4,1,28.474,4636.48,10,greedy,failed,FAILED (n_placed=8): greedy status infeasible: no compatible candidate left after placing 8 of 10 tiles,,8,,,,,,,,,,,,,,,,,,,,,,,,
s4_x1.00,4,1,28.474,4636.48,10,greedy+local,failed,FAILED (n_placed=8): greedy infeasible: no compatible candidate left after placing 8 of 10 tiles,,8,,,,,,,,,,,,,,,,,,,,,,,,
s4_x1.00,4,1,28.474,4636.48,10,sa,failed,FAILED (n_placed=8): sa status infeasible: greedy start failed: no compatible candidate left after placing 8 of 10 tiles,,8,,,,,,,,,,,,,,,,,,,,,,,,
s4_x1.00,4,1,28.474,4636.48,10,milp,skipped,"skipped: milp arm restricted to N in (4, 6, 8)",,0,,,,,,,,,,,,,,,,,,,,,,,,
s4_x1.00,4,1,28.474,4636.48,10,continuous,failed,FAILED (n_placed=0): continuous status infeasible: no feasible 10-tile start found among 997 candidates,,0,,,,,,,,,,,,,,,,,,,,,,,,
s4_x1.00,4,1,28.474,4636.48,12,random,skipped,skipped: random: no feasible 12-tile draw in 500 tries,,0,,,,,,,,,,,,,,,,,,,,,,,,
s4_x1.00,4,1,28.474,4636.48,12,uniform,skipped,skipped: uniform: only 5 of 12 non-conflicting anchors (spin fallback included),,0,,,,,,,,,,,,,,,,,,,,,,,,
s4_x1.00,4,1,28.474,4636.48,12,greedy,failed,FAILED (n_placed=8): greedy status infeasible: no compatible candidate left after placing 8 of 12 tiles,,8,,,,,,,,,,,,,,,,,,,,,,,,
s4_x1.00,4,1,28.474,4636.48,12,greedy+local,failed,FAILED (n_placed=8): greedy infeasible: no compatible candidate left after placing 8 of 12 tiles,,8,,,,,,,,,,,,,,,,,,,,,,,,
s4_x1.00,4,1,28.474,4636.48,12,sa,failed,FAILED (n_placed=8): sa status infeasible: greedy start failed: no compatible candidate left after placing 8 of 12 tiles,,8,,,,,,,,,,,,,,,,,,,,,,,,
s4_x1.00,4,1,28.474,4636.48,12,milp,skipped,"skipped: milp arm restricted to N in (4, 6, 8)",,0,,,,,,,,,,,,,,,,,,,,,,,,
s4_x1.00,4,1,28.474,4636.48,12,continuous,failed,FAILED (n_placed=0): continuous status infeasible: no feasible 12-tile start found among 997 candidates,,0,,,,,,,,,,,,,,,,,,,,,,,,
s5_x1.00,5,1,26.393,4419.21,8,truth,ok,,0,8,0.617765,3354.56,0.370844,0.0444889,0.611921,3366.21,0.805573,0.231835,15,6,2.09066,,,,,,,,,,,,,
s5_x1.00,5,1,26.393,4419.21,8,truth_raw,ok,,0,8,0.614994,3323.02,0.372845,0.0563424,0.610063,3343.47,0.801724,0.232143,4,6,2.03463,,,,,,,,,,,,,
s5_x1.00,5,1,26.393,4419.21,4,random,ok,,0,4,0.00223214,2267.39,0,0,0.00212877,,,,,,20.9508,0.0552032,0,2612.72,20,,,,,,,,,
s5_x1.00,5,1,26.393,4419.21,4,uniform,ok,,0.0025987,4,0,2493.48,0,0,0,2423.36,0.569889,0,0,0,1.10762,,,,,,0,170467,0,,,,,
s5_x1.00,5,1,26.393,4419.21,4,greedy,ok,,0.0610394,4,0.217057,1275.87,0,0,0.226893,1275.8,0.43319,0,0,0,1.02799,,,,,,,170467,0,0.233,0.233,ok,,
s5_x1.00,5,1,26.393,4419.21,4,greedy+local,ok,,0.11036,4,0.217057,1275.87,0,0,0.226893,1275.8,0.43319,0,0,0,1.13708,,,,,,,170467,0,0.233,0.233,ok,,
s5_x1.00,5,1,26.393,4419.21,4,sa,ok,,1.29484,4,0.228756,1296.12,0,0,0.237056,1284.94,0.465979,0,0,0,1.00696,,,,,,,170467,0,0.273,0.273,ok,,
s5_x1.00,5,1,26.393,4419.21,4,milp,ok,,1.03717,4,0.232451,1208.9,0,0,0.232145,1199.29,0.452586,0,0,0,1.0872,,,,,,,170467,0,0.24,0.24,optimal,0.24,0
s5_x1.00,5,1,26.393,4419.21,4,continuous,ok,,32.5337,4,0.217057,1275.87,0,0,0.226893,1275.8,0.43319,0,0,0,1.10035,,,,,60,,170467,0,0.219,0.219,ok,,
s5_x1.00,5,1,26.393,4419.21,6,random,ok,,0,6,0.39532,4151.73,0,0,0.393207,,,,,,30.9629,0.452902,0.341672,4493.38,20,,,,,,,,,
s5_x1.00,5,1,26.393,4419.21,6,uniform,ok,,0.0048071,6,0.284175,4571.81,0,0,0.314232,4577.22,1,0,0,0,1.56451,,,,,,0,170467,0,,,,,
s5_x1.00,5,1,26.393,4419.21,6,greedy,ok,,0.105815,6,0.506158,2385.89,0.0303264,0,0.511739,2320.31,0.712438,0,0,0,1.61148,,,,,,,170467,0,0.505,0.505,ok,,
s5_x1.00,5,1,26.393,4419.21,6,greedy+local,ok,,0.178026,6,0.544489,2901.36,0,0,0.537882,2814.51,0.799723,0,0,0,1.49935,,,,,,,170467,0,0.544,0.544,ok,,
s5_x1.00,5,1,26.393,4419.21,6,sa,ok,,1.83497,6,0.574661,3064.84,0,0,0.581012,3029.02,0.801416,0,0,0,1.61958,,,,,,,170467,0,0.626,0.626,ok,,
s5_x1.00,5,1,26.393,4419.21,6,milp,ok,,3.04293,6,0.533713,2826.76,0.000461823,0,0.540771,2733.54,0.781558,0,0,0,1.63488,,,,,,,170467,0,0.58,0.58,optimal,0.58,0
s5_x1.00,5,1,26.393,4419.21,6,continuous,ok,,47.4927,6,0.526786,2559.23,0.002617,0,0.532605,2460.14,0.743534,0,0,0,1.50696,,,,,60,,170467,0,0.51,0.51,ok,,
s5_x1.00,5,1,26.393,4419.21,8,random,skipped,skipped: random: no feasible 8-tile draw in 500 tries,,0,,,,,,,,,,,,,,,,,,,,,,,,
s5_x1.00,5,1,26.393,4419.21,8,uniform,skipped,skipped: uniform: only 6 of 8 non-conflicting anchors (spin fallback included),,0,,,,,,,,,,,,,,,,,,,,,,,,
s5_x1.00,5,1,26.393,4419.21,8,greedy,ok,,0.142879,8,0.933805,6153.83,0.0952894,0,0.928465,6144.72,1,0.000307882,0,0,2.09224,,,,,,,170467,0,0.936,0.936,ok,,
s5_x1.00,5,1,26.393,4419.21,8,greedy+local,ok,,0.233845,8,0.995228,6451.76,0.036484,0,0.990953,6425.6,1,0,0,0,2.08014,,,,,,,170467,0,0.993,0.993,max_evals,,
s5_x1.00,5,1,26.393,4419.21,8,sa,ok,,2.03163,8,0.99923,6498.09,0.0289409,0,0.998845,6502.26,1,0,0,0,2.04435,,,,,,,170467,0,1,1,ok,,
s5_x1.00,5,1,26.393,4419.21,8,milp,failed,FAILED (n_placed=0): milp status infeasible: no 8-candidate selection satisfies the conflict / OAR rows (143730 nodes searched),,0,,,,,,,,,,,,,,,,,,,,,,,,
s5_x1.00,5,1,26.393,4419.21,8,continuous,ok,,60.0472,8,0.951047,6444.71,0.000923645,0,0.953468,6425.67,1,0,0,0,2.05234,,,,,60,,170467,0,0.959,0.959,time_limit,,
s5_x1.00,5,1,26.393,4419.21,10,random,skipped,skipped: random: no feasible 10-tile draw in 500 tries,,0,,,,,,,,,,,,,,,,,,,,,,,,
s5_x1.00,5,1,26.393,4419.21,10,uniform,skipped,skipped: uniform: only 6 of 10 non-conflicting anchors (spin fallback included),,0,,,,,,,,,,,,,,,,,,,,,,,,
s5_x1.00,5,1,26.393,4419.21,10,greedy,failed,FAILED (n_placed=8): greedy status infeasible: no compatible candidate left after placing 8 of 10 tiles,,8,,,,,,,,,,,,,,,,,,,,,,,,
s5_x1.00,5,1,26.393,4419.21,10,greedy+local,failed,FAILED (n_placed=8): greedy infeasible: no compatible candidate left after placing 8 of 10 tiles,,8,,,,,,,,,,,,,,,,,,,,,,,,
s5_x1.00,5,1,26.393,4419.21,10,sa,failed,FAILED (n_placed=8): sa status infeasible: greedy start failed: no compatible candidate left after placing 8 of 10 tiles,,8,,,,,,,,,,,,,,,,,,,,,,,,
s5_x1.00,5,1,26.393,4419.21,10,milp,skipped,"skipped: milp arm restricted to N in (4, 6, 8)",,0,,,,,,,,,,,,,,,,,,,,,,,,
s5_x1.00,5,1,26.393,4419.21,10,continuous,failed,FAILED (n_placed=0): continuous status infeasible: no feasible 10-tile start found among 903 candidates,,0,,,,,,,,,,,,,,,,,,,,,,,,
s5_x1.00,5,1,26.393,4419.21,12,random,skipped,skipped: random: no feasible 12-tile draw in 500 tries,,0,,,,,,,,,,,,,,,,,,,,,,,,
s5_x1.00,5,1,26.393,4419.21,12,uniform,skipped,skipped: uniform: only 6 of 12 non-conflicting anchors (spin fallback included),,0,,,,,,,,,,,,,,,,,,,,,,,,
s5_x1.00,5,1,26.393,4419.21,12,greedy,failed,FAILED (n_placed=8): greedy status infeasible: no compatible candidate left after placing 8 of 12 tiles,,8,,,,,,,,,,,,,,,,,,,,,,,,
s5_x1.00,5,1,26.393,4419.21,12,greedy+local,failed,FAILED (n_placed=8): greedy infeasible: no compatible candidate left after placing 8 of 12 tiles,,8,,,,,,,,,,,,,,,,,,,,,,,,
s5_x1.00,5,1,26.393,4419.21,12,sa,failed,FAILED (n_placed=8): sa status infeasible: greedy start failed: no compatible candidate left after placing 8 of 12 tiles,,8,,,,,,,,,,,,,,,,,,,,,,,,
s5_x1.00,5,1,26.393,4419.21,12,milp,skipped,"skipped: milp arm restricted to N in (4, 6, 8)",,0,,,,,,,,,,,,,,,,,,,,,,,,
s5_x1.00,5,1,26.393,4419.21,12,continuous,failed,FAILED (n_placed=0): continuous status infeasible: no feasible 12-tile start found among 903 candidates,,0,,,,,,,,,,,,,,,,,,,,,,,,
s6_x1.00,6,1,26.292,4391.51,8,truth,ok,,0,8,0.620413,3369.03,0.387758,0.0598212,0.617539,3394.32,0.810207,0.227105,17,9,2.03481,,,,,,,,,,,,,
s6_x1.00,6,1,26.292,4391.51,8,truth_raw,ok,,0,8,0.609775,3313.6,0.382362,0.0871107,0.607325,3336.02,0.800185,0.23543,5,6,2.1153,,,,,,,,,,,,,
s6_x1.00,6,1,26.292,4391.51,4,random,ok,,0,4,0.00308356,2267.33,0,0,0.00196739,,,,,,21.0688,0.087342,0,2564.94,20,,,,,,,,,
s6_x1.00,6,1,26.292,4391.51,4,uniform,ok,,0.0028024,4,0.000154178,1864.94,0,0,0.000476067,1796.48,0.620567,0,0,0,1.0512,,,,,,0,183103,0,,,,,
s6_x1.00,6,1,26.292,4391.51,4,greedy,ok,,0.0685803,4,0.234968,1339.33,0,0,0.235297,1339.98,0.46901,0,0,0,1.02061,,,,,,,183103,0,0.243,0.243,ok,,
s6_x1.00,6,1,26.292,4391.51,4,greedy+local,ok,,0.159701,4,0.235893,1336.36,0,0,0.236072,1337.88,0.469935,0,0,0,1.04327,,,,,,,183103,0,0.245,0.245,ok,,
s6_x1.00,6,1,26.292,4391.51,4,sa,ok,,1.50792,4,0.240056,1282.65,0,0,0.231875,1259.43,0.453592,0,0,0,1.02883,,,,,,,183103,0,0.245,0.245,ok,,
s6_x1.00,6,1,26.292,4391.51,4,milp,ok,,1.39065,4,0.240364,1303.35,0,0,0.233829,1283.14,0.464539,0,0,0,1.09763,,,,,,,183103,0,0.26,0.26,optimal,0.26,0
s6_x1.00,6,1,26.292,4391.51,4,continuous,ok,,37.6441,4,0.234968,1339.33,0,0,0.235297,1339.98,0.46901,0,0,0,1.01545,,,,,60,,183103,0,0.233,0.233,ok,,
s6_x1.00,6,1,26.292,4391.51,6,random,ok,,0,6,0.408572,4145.19,0,0,0.382229,,,,,,30.8412,0.464385,0.363051,4534.18,20,,,,,,,,,
s6_x1.00,6,1,26.292,4391.51,6,uniform,ok,,0.0049796,6,0.269195,4868.04,0,0,0.299778,4890.05,1,0,0,0,1.59551,,,,,,0,183103,0,,,,,
s6_x1.00,6,1,26.292,4391.51,6,greedy,ok,,0.108612,6,0.543324,2712.65,0,0,0.550515,2667.01,0.757169,0,0,0,1.5093,,,,,,,183103,0,0.55,0.55,ok,,
s6_x1.00,6,1,26.292,4391.51,6,greedy+local,ok,,0.212272,6,0.563367,2975.58,0,0,0.574478,2903.5,0.792014,0,0,0,1.4652,,,,,,,183103,0,0.568,0.568,ok,,
s6_x1.00,6,1,26.292,4391.51,6,sa,ok,,1.91308,6,0.595128,3164.32,0,0,0.58466,3144.78,0.823312,0,0,0,1.53397,,,,,,,183103,0,0.612,0.612,ok,,
s6_x1.00,6,1,26.292,4391.51,6,milp,ok,,4.77887,6,0.564292,2945.67,0,0,0.565328,2850.05,0.787851,0,0,0,1.51779,,,,,,,183103,0,0.573333,0.573333,optimal,0.573333,0
s6_x1.00,6,1,26.292,4391.51,6,continuous,ok,,55.5997,6,0.543324,2712.65,0,0,0.550515,2667.01,0.757169,0,0,0,1.51116,,,,,60,,183103,0,0.531,0.531,ok,,
s6_x1.00,6,1,26.292,4391.51,8,random,skipped,skipped: random: no feasible 8-tile draw in 500 tries,,0,,,,,,,,,,,,,,,,,,,,,,,,
s6_x1.00,6,1,26.292,4391.51,8,uniform,skipped,skipped: uniform: only 6 of 8 non-conflicting anchors (spin fallback included),,0,,,,,,,,,,,,,,,,,,,,,,,,
s6_x1.00,6,1,26.292,4391.51,8,greedy,ok,,0.14545,8,0.876195,5903.76,0.0982115,0,0.871876,5887.85,1,0.000154178,0,0,2.09226,,,,,,,183103,0,0.87,0.87,ok,,
s6_x1.00,6,1,26.292,4391.51,8,greedy+local,ok,,0.248662,8,0.995529,6652.55,0.00231267,0,0.994861,6661.94,1,0,0,0,2.0882,,,,,,,183103,0,0.998,0.998,max_evals,,
s6_x1.00,6,1,26.292,4391.51,8,sa,ok,,1.80083,8,0.999229,6713.35,0.0021585,0,0.998857,6694.75,1,0,0,0,2.04821,,,,,,,183103,0,1,1,ok,,
s6_x1.00,6,1,26.292,4391.51,8,milp,failed,FAILED (n_placed=0): milp status infeasible: no 8-candidate selection satisfies the conflict / OAR rows (191642 nodes searched),,0,,,,,,,,,,,,,,,,,,,,,,,,
s6_x1.00,6,1,26.292,4391.51,8,continuous,ok,,60.0575,8,0.901172,6013.58,0.093432,0,0.892742,5935.52,1,0,0,0,2.02142,,,,,60,,183103,0,0.877,0.877,time_limit,,
s6_x1.00,6,1,26.292,4391.51,10,random,skipped,skipped: random: no feasible 10-tile draw in 500 tries,,0,,,,,,,,,,,,,,,,,,,,,,,,
s6_x1.00,6,1,26.292,4391.51,10,uniform,skipped,skipped: uniform: only 6 of 10 non-conflicting anchors (spin fallback included),,0,,,,,,,,,,,,,,,,,,,,,,,,
s6_x1.00,6,1,26.292,4391.51,10,greedy,failed,FAILED (n_placed=8): greedy status infeasible: no compatible candidate left after placing 8 of 10 tiles,,8,,,,,,,,,,,,,,,,,,,,,,,,
s6_x1.00,6,1,26.292,4391.51,10,greedy+local,failed,FAILED (n_placed=8): greedy infeasible: no compatible candidate left after placing 8 of 10 tiles,,8,,,,,,,,,,,,,,,,,,,,,,,,
s6_x1.00,6,1,26.292,4391.51,10,sa,failed,FAILED (n_placed=8): sa status infeasible: greedy start failed: no compatible candidate left after placing 8 of 10 tiles,,8,,,,,,,,,,,,,,,,,,,,,,,,
s6_x1.00,6,1,26.292,4391.51,10,milp,skipped,"skipped: milp arm restricted to N in (4, 6, 8)",,0,,,,,,,,,,,,,,,,,,,,,,,,
s6_x1.00,6,1,26.292,4391.51,10,continuous,failed,FAILED (n_placed=0): continuous status infeasible: no feasible 10-tile start found among 935 candidates,,0,,,,,,,,,,,,,,,,,,,,,,,,
s6_x1.00,6,1,26.292,4391.51,12,random,skipped,skipped: random: no feasible 12-tile draw in 500 tries,,0,,,,,,,,,,,,,,,,,,,,,,,,
s6_x1.00,6,1,26.292,4391.51,12,uniform,skipped,skipped: uniform: only 6 of 12 non-conflicting anchors (spin fallback included),,0,,,,,,,,,,,,,,,,,,,,,,,,
s6_x1.00,6,1,26.292,4391.51,12,greedy,failed,FAILED (n_placed=8): greedy status infeasible: no compatible candidate left after placing 8 of 12 tiles,,8,,,,,,,,,,,,,,,,,,,,,,,,
s6_x1.00,6,1,26.292,4391.51,12,greedy+local,failed,FAILED (n_placed=8): greedy infeasible: no compatible candidate left after placing 8 of 12 tiles,,8,,,,,,,,,,,,,,,,,,,,,,,,
s6_x1.00,6,1,26.292,4391.51,12,sa,failed,FAILED (n_placed=8): sa status infeasible: greedy start failed: no compatible candidate left after placing 8 of 12 tiles,,8,,,,,,,,,,,,,,,,,,,,,,,,
s6_x1.00,6,1,26.292,4391.51,12,milp,skipped,"skipped: milp arm restricted to N in (4, 6, 8)",,0,,,,,,,,,,,,,,,,,,,,,,,,
s6_x1.00,6,1,26.292,4391.51,12,continuous,failed,FAILED (n_placed=0): continuous status infeasible: no feasible 12-tile start found among 935 candidates,,0,,,,,,,,,,,,,,,,,,,,,,,,
s1_x1.25,1,1.25,47.835,6527.09,8,truth,ok,,0,8,0.459763,2027.48,0.0958619,0,0.451287,2045.41,0.621543,0.000103972,9,7,2.98347,,,,,,,,,,,,,
s1_x1.25,1,1.25,47.835,6527.09,8,truth_raw,ok,,0,8,0.456852,2007.19,0.104803,0,0.446793,2022.86,0.615824,0.000103972,3,9,3.11774,,,,,,,,,,,,,
s1_x1.25,1,1.25,47.835,6527.09,4,random,ok,,0,4,0,1333.36,0,0,0,,,,,,30.9566,0.000379497,0,1553.83,20,,,,,,,,,
s1_x1.25,1,1.25,47.835,6527.09,4,uniform,ok,,0.003948,4,0,1394.33,0,0,0,1368.37,0.28062,0,0,0,1.52357,,,,,,0,275426,0,,,,,
s1_x1.25,1,1.25,47.835,6527.09,4,greedy,ok,,0.115416,4,0.139842,721.324,0.000727802,0,0.141067,715.408,0.299023,0,0,0,1.48162,,,,,,,275426,0,0.165,0.165,ok,,
s1_x1.25,1,1.25,47.835,6527.09,4,greedy+local,ok,,0.163608,4,0.139842,721.324,0.000727802,0,0.141067,715.408,0.299023,0,0,0,1.6202,,,,,,,275426,0,0.165,0.165,ok,,
s1_x1.25,1,1.25,47.835,6527.09,4,sa,ok,,1.58295,4,0.139842,721.324,0.000727802,0,0.141067,715.408,0.299023,0,0,0,1.48662,,,,,,,275426,0,0.165,0.165,ok,,
s1_x1.25,1,1.25,47.835,6527.09,4,milp,ok,,17.0965,4,0.116344,776.081,0,0,0.109501,768.394,0.308588,0,0,0,1.56198,,,,,,,275426,0,0.133333,0.133333,optimal,0.133333,0
s1_x1.25,1,1.25,47.835,6527.09,4,continuous,skipped,"skipped: continuous arm runs on scales (1.0,) only (budget)",,0,,,,,,,,,,,,,,,,,,,,,,,,
s1_x1.25,1,1.25,47.835,6527.09,6,random,ok,,0,6,0.0232377,2695.54,0,0,0.0199996,,,,,,45.4628,0.0943231,0.00542213,2927.02,20,,,,,,,,,
s1_x1.25,1,1.25,47.835,6527.09,6,uniform,ok,,0.0026754,6,0.0437721,2887.42,0,0,0.0453212,2871.77,0.555833,0,0,0,2.29435,,,,,,0,275426,0,,,,,
s1_x1.25,1,1.25,47.835,6527.09,6,greedy,ok,,0.154071,6,0.321065,1202.8,0.0047827,0,0.32438,1202.77,0.490435,0,0,0,2.33103,,,,,,,275426,0,0.339,0.339,ok,,
s1_x1.25,1,1.25,47.835,6527.09,6,greedy+local,ok,,0.238888,6,0.33666,1249.25,0,0,0.337613,1245.11,0.505407,0,0,0,2.33878,,,,,,,275426,0,0.35,0.35,max_evals,,
s1_x1.25,1,1.25,47.835,6527.09,6,sa,ok,,2.15476,6,0.333853,1282.21,0,0,0.332683,1279.48,0.519131,0,0,0,2.32069,,,,,,,275426,0,0.346,0.346,ok,,
s1_x1.25,1,1.25,47.835,6527.09,6,milp,ok,,300.008,6,0.310044,1326.54,0,0,0.306808,1297.48,0.528696,0,0,0,2.31502,,,,,,,275426,0,0.32,0.32,time_limit,1,2.125
s1_x1.25,1,1.25,47.835,6527.09,6,continuous,skipped,"skipped: continuous arm runs on scales (1.0,) only (budget)",,0,,,,,,,,,,,,,,,,,,,,,,,,
s1_x1.25,1,1.25,47.835,6527.09,8,random,ok,,0,8,0.343419,4054.53,0,0,0.334948,,,,,,60.6474,0.398149,0.322073,4297.79,20,,,,,,,,,
s1_x1.25,1,1.25,47.835,6527.09,8,uniform,skipped,skipped: uniform: only 7 of 8 non-conflicting anchors (spin fallback included),,0,,,,,,,,,,,,,,,,,,,,,,,,
s1_x1.25,1,1.25,47.835,6527.09,8,greedy,ok,,0.177397,8,0.511853,2137.53,0.0187149,0,0.518796,2107.92,0.681327,0,0,0,3.0381,,,,,,,275426,0,0.516,0.516,ok,,
s1_x1.25,1,1.25,47.835,6527.09,8,greedy+local,ok,,0.293777,8,0.539821,2470.12,0.00914951,0,0.55588,2429.96,0.734456,0,0,0,3.02209,,,,,,,275426,0,0.56,0.56,max_evals,,
s1_x1.25,1,1.25,47.835,6527.09,8,sa,ok,,2.84361,8,0.572988,2402.62,0,0,0.579155,2348.2,0.740071,0,0,0,3.0511,,,,,,,275426,0,0.592,0.592,ok,,
s1_x1.25,1,1.25,47.835,6527.09,8,milp,ok,,300.013,8,0.561967,2435.12,0.000103972,0,0.563445,2360.62,0.743398,0,0,0,3.03178,,,,,,,275426,0,0.61,0.61,time_limit,1,0.639344
s1_x1.25,1,1.25,47.835,6527.09,8,continuous,skipped,"skipped: continuous arm runs on scales (1.0,) only (budget)",,0,,,,,,,,,,,,,,,,,,,,,,,,
s1_x1.25,1,1.25,47.835,6527.09,10,random,ok,,0,10,0.839884,5659.85,0.000103972,0,0.827885,,,,,,76.4627,0.884124,0.77174,5936.71,20,,,,,,,,,
s1_x1.25,1,1.25,47.835,6527.09,10,uniform,skipped,skipped: uniform: only 7 of 10 non-conflicting anchors (spin fallback included),,0,,,,,,,,,,,,,,,,,,,,,,,,
s1_x1.25,1,1.25,47.835,6527.09,10,greedy,ok,,0.273791,10,0.748804,4416.1,0.0512581,0,0.751394,4344.27,0.930859,0.00270326,0,0,3.79527,,,,,,,275426,0,0.755,0.755,ok,,
s1_x1.25,1,1.25,47.835,6527.09,10,greedy+local,ok,,0.433383,10,0.890102,5968.21,0,0,0.864588,5903.7,1,0,0,0,3.80771,,,,,,,275426,0,0.867,0.867,max_evals,,
s1_x1.25,1,1.25,47.835,6527.09,10,sa,ok,,3.486,10,0.981285,6207.77,0,0,0.971756,6168.92,1,0,0,0,3.85656,,,,,,,275426,0,0.983,0.983,ok,,
s1_x1.25,1,1.25,47.835,6527.09,10,milp,skipped,"skipped: milp arm restricted to N in (4, 6, 8)",,0,,,,,,,,,,,,,,,,,,,,,,,,
s1_x1.25,1,1.25,47.835,6527.09,10,continuous,skipped,"skipped: continuous arm runs on scales (1.0,) only (budget)",,0,,,,,,,,,,,,,,,,,,,,,,,,
s1_x1.25,1,1.25,47.835,6527.09,12,random,skipped,skipped: random: no feasible 12-tile draw in 500 tries,,0,,,,,,,,,,,,,,,,,,,,,,,,
s1_x1.25,1,1.25,47.835,6527.09,12,uniform,skipped,skipped: uniform: only 7 of 12 non-conflicting anchors (spin fallback included),,0,,,,,,,,,,,,,,,,,,,,,,,,
s1_x1.25,1,1.25,47.835,6527.09,12,greedy,failed,FAILED (n_placed=11): greedy status infeasible: no compatible candidate left after placing 11 of 12 tiles,,11,,,,,,,,,,,,,,,,,,,,,,,,
s1_x1.25,1,1.25,47.835,6527.09,12,greedy+local,failed,FAILED (n_placed=11): greedy infeasible: no compatible candidate left after placing 11 of 12 tiles,,11,,,,,,,,,,,,,,,,,,,,,,,,
s1_x1.25,1,1.25,47.835,6527.09,12,sa,failed,FAILED (n_placed=11): sa status infeasible: greedy start failed: no compatible candidate left after placing 11 of 12 tiles,,11,,,,,,,,,,,,,,,,,,,,,,,,
s1_x1.25,1,1.25,47.835,6527.09,12,milp,skipped,"skipped: milp arm restricted to N in (4, 6, 8)",,0,,,,,,,,,,,,,,,,,,,,,,,,
s1_x1.25,1,1.25,47.835,6527.09,12,continuous,skipped,"skipped: continuous arm runs on scales (1.0,) only (budget)",,0,,,,,,,,,,,,,,,,,,,,,,,,
s2_x1.25,2,1.25,54.174,7123.01,8,truth,ok,,0,8,0.41379,1993.54,0.00114438,0,0.416711,2007.24,0.612531,0,9,6,3.25844,,,,,,,,,,,,,
s2_x1.25,2,1.25,54.174,7123.01,8,truth_raw,ok,,0,8,0.406828,1965.3,0.00915506,0,0.409645,1974.43,0.602899,0,2,8,3.29492,,,,,,,,,,,,,
s2_x1.25,2,1.25,54.174,7123.01,4,random,ok,,0,4,0,1138.28,0,0,0,,,,,,31.8257,4.76826e-06,0,1419.61,20,,,,,,,,,
s2_x1.25,2,1.25,54.174,7123.01,4,uniform,ok,,0.0030951,4,0,1388.67,0,0,0,1350.69,0.257963,0,0,0,1.6847,,,,,,0,318275,0,,,,,
s2_x1.25,2,1.25,54.174,7123.01,4,greedy,ok,,0.126888,4,0.12655,613.186,0,0,0.130879,612.29,0.277894,0,0,0,1.59281,,,,,,,318275,0,0.121,0.121,ok,,
s2_x1.25,2,1.25,54.174,7123.01,4,greedy+local,ok,,0.194543,4,0.12655,613.186,0,0,0.130879,612.29,0.277894,0,0,0,1.61151,,,,,,,318275,0,0.121,0.121,ok,,
s2_x1.25,2,1.25,54.174,7123.01,4,sa,ok,,1.69018,4,0.12655,613.186,0,0,0.130879,612.29,0.277894,0,0,0,1.58248,,,,,,,318275,0,0.121,0.121,ok,,
s2_x1.25,2,1.25,54.174,7123.01,4,milp,ok,,27.6597,4,0.098703,774.286,0,0,0.0988132,755.973,0.287622,0,0,0,1.39007,,,,,,,318275,0,0.13,0.13,optimal,0.13,0
s2_x1.25,2,1.25,54.174,7123.01,4,continuous,skipped,"skipped: continuous arm runs on scales (1.0,) only (budget)",,0,,,,,,,,,,,,,,,,,,,,,,,,
s2_x1.25,2,1.25,54.174,7123.01,6,random,ok,,0,6,0.00681862,2400.72,0,0,0.00713894,,,,,,45.9753,0.0302928,0,2643.6,20,,,,,,,,,
s2_x1.25,2,1.25,54.174,7123.01,6,uniform,ok,,0.0030422,6,0.000381461,2933.76,0,0,0.000353326,2936.3,0.467576,0,0,0,2.47329,,,,,,0,318275,0,,,,,
s2_x1.25,2,1.25,54.174,7123.01,6,greedy,ok,,0.177655,6,0.283235,1082.51,0,0,0.281533,1069.87,0.448693,0,0,0,2.4601,,,,,,,318275,0,0.258,0.258,ok,,
s2_x1.25,2,1.25,54.174,7123.01,6,greedy+local,ok,,0.261704,6,0.286859,1109.34,0,0,0.278279,1099.15,0.445737,0,0,0,2.35207,,,,,,,318275,0,0.264,0.264,max_evals,,
s2_x1.25,2,1.25,54.174,7123.01,6,sa,ok,,1.9687,6,0.2963,1100.22,0,0,0.293553,1098.21,0.463189,0,0,0,2.51179,,,,,,,318275,0,0.315,0.315,ok,,
s2_x1.25,2,1.25,54.174,7123.01,6,milp,ok,,300.022,6,0.250906,1274.62,0,0,0.243524,1277.51,0.473584,0,0,0,2.49901,,,,,,,318275,0,0.303333,0.303333,time_limit,1,2.2967
s2_x1.25,2,1.25,54.174,7123.01,6,continuous,skipped,"skipped: continuous arm runs on scales (1.0,) only (budget)",,0,,,,,,,,,,,,,,,,,,,,,,,,
s2_x1.25,2,1.25,54.174,7123.01,8,random,ok,,0,8,0.244946,3584.91,0,0,0.241933,,,,,,64.4862,0.307019,0.215773,3883.66,20,,,,,,,,,
s2_x1.25,2,1.25,54.174,7123.01,8,uniform,ok,,0.022636,8,0.263685,3570.12,0,0,0.270522,3567.67,0.769311,0,0,0,3.14348,,,,,,1,318275,0,,,,,
s2_x1.25,2,1.25,54.174,7123.01,8,greedy,ok,,0.217747,8,0.43601,1989.98,9.53652e-05,0,0.440387,1938.6,0.638852,0,0,0,3.16823,,,,,,,318275,0,0.428,0.428,ok,,
s2_x1.25,2,1.25,54.174,7123.01,8,greedy+local,ok,,0.3287,8,0.458611,1992.64,9.53652e-05,0,0.460448,1945.05,0.659451,0,0,0,3.2025,,,,,,,318275,0,0.443,0.443,max_evals,,
s2_x1.25,2,1.25,54.174,7123.01,8,sa,ok,,3.01573,8,0.508297,1901.31,0,0,0.515895,1872.54,0.681003,0,0,0,3.24984,,,,,,,318275,0,0.54,0.54,ok,,
s2_x1.25,2,1.25,54.174,7123.01,8,milp,ok,,300.026,8,0.424375,2508.23,0,0,0.443653,2495.5,0.685199,0,0,0,3.04496,,,,,,,318275,0,0.493333,0.493333,time_limit,1,1.02703
s2_x1.25,2,1.25,54.174,7123.01,8,continuous,skipped,"skipped: continuous arm runs on scales (1.0,) only (budget)",,0,,,,,,,,,,,,,,,,,,,,,,,,
s2_x1.25,2,1.25,54.174,7123.01,10,random,ok,,0,10,0.659546,5015.81,0,0,0.642893,,,,,,74.8415,0.712035,0.62274,5320.01,20,,,,,,,,,
s2_x1.25,2,1.25,54.174,7123.01,10,uniform,skipped,skipped: uniform: only 8 of 10 non-conflicting anchors (spin fallback included),,0,,,,,,,,,,,,,,,,,,,,,,,,
s2_x1.25,2,1.25,54.174,7123.01,10,greedy,ok,,0.353459,10,0.659451,3422.59,0.00171657,0,0.664575,3280.99,0.845794,0,0,0,3.64655,,,,,,,318275,0,0.651,0.651,ok,,
s2_x1.25,2,1.25,54.174,7123.01,10,greedy+local,ok,,0.332043,10,0.72716,4929.69,0,0,0.702348,4840.83,0.951745,0,0,0,3.53446,,,,,,,318275,0,0.728,0.728,max_evals,,
s2_x1.25,2,1.25,54.174,7123.01,10,sa,ok,,3.08374,10,0.784665,4566.31,0,0,0.787822,4438.9,0.929239,0,0,0,3.53503,,,,,,,318275,0,0.812,0.812,ok,,
s2_x1.25,2,1.25,54.174,7123.01,10,milp,skipped,"skipped: milp arm restricted to N in (4, 6, 8)",,0,,,,,,,,,,,,,,,,,,,,,,,,
s2_x1.25,2,1.25,54.174,7123.01,10,continuous,skipped,"skipped: continuous arm runs on scales (1.0,) only (budget)",,0,,,,,,,,,,,,,,,,,,,,,,,,
s2_x1.25,2,1.25,54.174,7123.01,12,random,skipped,skipped: random: no feasible 12-tile draw in 500 tries,,0,,,,,,,,,,,,,,,,,,,,,,,,
s2_x1.25,2,1.25,54.174,7123.01,12,uniform,skipped,skipped: uniform: only 8 of 12 non-conflicting anchors (spin fallback included),,0,,,,,,,,,,,,,,,,,,,,,,,,
s2_x1.25,2,1.25,54.174,7123.01,12,greedy,ok,,0.285642,12,0.960328,6408.29,0.0780088,0,0.947734,6343.97,1,0,0,0,4.1751,,,,,,,318275,0,0.955,0.955,ok,,
s2_x1.25,2,1.25,54.174,7123.01,12,greedy+local,ok,,0.363505,12,0.999523,6667.48,0.0235552,0,0.999214,6652.15,1,0,0,0,4.18237,,,,,,,318275,0,0.998,0.998,max_evals,,
s2_x1.25,2,1.25,54.174,7123.01,12,sa,ok,,2.84092,12,1,6665.61,0.0205989,0,1,6665.2,1,0,0,0,4.32795,,,,,,,318275,0,1,1,ok,,
s2_x1.25,2,1.25,54.174,7123.01,12,milp,skipped,"skipped: milp arm restricted to N in (4, 6, 8)",,0,,,,,,,,,,,,,,,,,,,,,,,,
s2_x1.25,2,1.25,54.174,7123.01,12,continuous,skipped,"skipped: continuous arm runs on scales (1.0,) only (budget)",,0,,,,,,,,,,,,,,,,,,,,,,,,
s3_x1.25,3,1.25,52.196,6958.05,8,truth,ok,,0,8,0.454634,1960.2,0.0180488,0,0.44369,1988.5,0.610049,0,6,8,2.68364,,,,,,,,,,,,,
s3_x1.25,3,1.25,52.196,6958.05,8,truth_raw,ok,,0,8,0.451512,1927.27,0.0188293,0,0.440482,1955.35,0.602537,0,2,8,2.77687,,,,,,,,,,,,,
s3_x1.25,3,1.25,52.196,6958.05,4,random,ok,,0,4,0,1218.27,0,0,0,,,,,,28.6402,0.000390244,0,1445.63,20,,,,,,,,,
s3_x1.25,3,1.25,52.196,6958.05,4,uniform,ok,,0.002875,4,0,1406.33,0,0,0,1373.68,0.251707,0,0,0,1.43394,,,,,,0,278548,0,,,,,
s3_x1.25,3,1.25,52.196,6958.05,4,greedy,ok,,0.0929945,4,0.104683,711.055,0,0,0.104723,705.498,0.28722,0,0,0,1.35582,,,,,,,278548,0,0.112,0.112,ok,,
s3_x1.25,3,1.25,52.196,6958.05,4,greedy+local,ok,,0.143691,4,0.104683,711.055,0,0,0.104723,705.498,0.28722,0,0,0,1.50192,,,,,,,278548,0,0.112,0.112,ok,,
s3_x1.25,3,1.25,52.196,6958.05,4,sa,ok,,1.33359,4,0.146146,586.037,0,0,0.140964,581.297,0.291415,0,0,0,1.33625,,,,,,,278548,0,0.15,0.15,ok,,
s3_x1.25,3,1.25,52.196,6958.05,4,milp,ok,,20.2624,4,0.130146,612.709,0,0,0.136275,610.906,0.280878,0,0,0,1.51185,,,,,,,278548,0,0.16,0.16,optimal,0.16,0
s3_x1.25,3,1.25,52.196,6958.05,4,continuous,skipped,"skipped: continuous arm runs on scales (1.0,) only (budget)",,0,,,,,,,,,,,,,,,,,,,,,,,,
s3_x1.25,3,1.25,52.196,6958.05,6,random,ok,,0,6,0.0138049,2477.74,0,0,0.0104177,,,,,,41.709,0.0477122,0.000185366,2712.74,20,,,,,,,,,
s3_x1.25,3,1.25,52.196,6958.05,6,uniform,ok,,0.0027259,6,0.0084878,2647.74,0,0,0.00574053,2626.06,0.509463,0,0,0,2.00849,,,,,,0,278548,0,,,,,
s3_x1.25,3,1.25,52.196,6958.05,6,greedy,ok,,0.13729,6,0.253463,1356.9,0,0,0.251635,1312.79,0.467805,0,0,0,2.14406,,,,,,,278548,0,0.267,0.267,ok,,
s3_x1.25,3,1.25,52.196,6958.05,6,greedy+local,ok,,0.21349,6,0.290049,1173.46,0,0,0.295316,1172.8,0.469366,0,0,0,2.10994,,,,,,,278548,0,0.31,0.31,max_evals,,
s3_x1.25,3,1.25,52.196,6958.05,6,sa,ok,,1.84739,6,0.309756,1095.14,0,0,0.312402,1082.88,0.474341,0,0,0,2.00845,,,,,,,278548,0,0.334,0.334,ok,,
s3_x1.25,3,1.25,52.196,6958.05,6,milp,ok,,300.02,6,0.290146,1160.46,0,0,0.295262,1161.65,0.478634,0,0,0,2.19481,,,,,,,278548,0,0.33,0.33,time_limit,1,2.0303
s3_x1.25,3,1.25,52.196,6958.05,6,continuous,skipped,"skipped: continuous arm runs on scales (1.0,) only (budget)",,0,,,,,,,,,,,,,,,,,,,,,,,,
s3_x1.25,3,1.25,52.196,6958.05,8,random,ok,,0,8,0.272439,3742.06,0,0,0.25719,,,,,,55.5518,0.305273,0.250015,3993.04,20,,,,,,,,,
s3_x1.25,3,1.25,52.196,6958.05,8,uniform,ok,,0.0125558,8,0.264293,3680.67,0,0,0.25821,3707.03,0.817171,0,0,0,2.77633,,,,,,0,278548,0,,,,,
s3_x1.25,3,1.25,52.196,6958.05,8,greedy,ok,,0.181462,8,0.48322,2028.51,0,0,0.47381,2010.64,0.66,0,0,0,2.79548,,,,,,,278548,0,0.459,0.459,ok,,
s3_x1.25,3,1.25,52.196,6958.05,8,greedy+local,ok,,0.288816,8,0.505073,2152.01,0,0,0.498502,2118.73,0.686146,0,0,0,2.74003,,,,,,,278548,0,0.483,0.483,max_evals,,
s3_x1.25,3,1.25,52.196,6958.05,8,sa,ok,,2.38139,8,0.516098,2028.97,0,0,0.516449,1969.04,0.690732,0,0,0,2.69503,,,,,,,278548,0,0.542,0.542,ok,,
s3_x1.25,3,1.25,52.196,6958.05,8,milp,ok,,300.018,8,0.45961,2322.14,0,0,0.447253,2297.62,0.723902,0,0,0,2.7896,,,,,,,278548,0,0.526667,0.526667,time_limit,1,0.898734
s3_x1.25,3,1.25,52.196,6958.05,8,continuous,skipped,"skipped: continuous arm runs on scales (1.0,) only (budget)",,0,,,,,,,,,,,,,,,,,,,,,,,,
s3_x1.25,3,1.25,52.196,6958.05,10,random,ok,,0,10,0.709512,5202.68,0,0,0.692996,,,,,,69.3228,0.741063,0.668805,5499.44,20,,,,,,,,,
s3_x1.25,3,1.25,52.196,6958.05,10,uniform,skipped,skipped: uniform: only 9 of 10 non-conflicting anchors (spin fallback included),,0,,,,,,,,,,,,,,,,,,,,,,,,
s3_x1.25,3,1.25,52.196,6958.05,10,greedy,ok,,0.222578,10,0.716878,3375.35,0.00312195,0,0.704283,3385.31,0.841171,0,0,0,3.47543,,,,,,,278548,0,0.692,0.692,ok,,
s3_x1.25,3,1.25,52.196,6958.05,10,greedy+local,ok,,0.298463,10,0.752,5193.38,0,0,0.756869,5182.94,0.98322,0,0,0,3.4625,,,,,,,278548,0,0.773,0.773,max_evals,,
s3_x1.25,3,1.25,52.196,6958.05,10,sa,ok,,2.88928,10,0.800195,5572.78,0,0,0.807982,5601.15,0.996976,0,0,0,3.46524,,,,,,,278548,0,0.856,0.856,ok,,
s3_x1.25,3,1.25,52.196,6958.05,10,milp,skipped,"skipped: milp arm restricted to N in (4, 6, 8)",,0,,,,,,,,,,,,,,,,,,,,,,,,
s3_x1.25,3,1.25,52.196,6958.05,10,continuous,skipped,"skipped: continuous arm runs on scales (1.0,) only (budget)",,0,,,,,,,,,,,,,,,,,,,,,,,,
s3_x1.25,3,1.25,52.196,6958.05,12,random,skipped,skipped: random: no feasible 12-tile draw in 500 tries,,0,,,,,,,,,,,,,,,,,,,,,,,,
s3_x1.25,3,1.25,52.196,6958.05,12,uniform,skipped,skipped: uniform: only 9 of 12 non-conflicting anchors (spin fallback included),,0,,,,,,,,,,,,,,,,,,,,,,,,
s3_x1.25,3,1.25,52.196,6958.05,12,greedy,ok,,0.291733,12,0.94439,6477.97,0.0943415,0,0.946909,6500.51,1,0.000292683,0,0,4.12472,,,,,,,278548,0,0.958,0.958,ok,,
s3_x1.25,3,1.25,52.196,6958.05,12,greedy+local,ok,,0.350038,12,0.978244,6623.98,0.099122,0,0.981137,6651.8,1,0.000585366,0,0,4.24048,,,,,,,278548,0,0.988,0.988,max_evals,,
s3_x1.25,3,1.25,52.196,6958.05,12,sa,ok,,2.91721,12,0.999317,6661.28,0.0453659,0,0.999006,6706.58,1,0,0,0,4.23232,,,,,,,278548,0,1,1,ok,,
s3_x1.25,3,1.25,52.196,6958.05,12,milp,skipped,"skipped: milp arm restricted to N in (4, 6, 8)",,0,,,,,,,,,,,,,,,,,,,,,,,,
s3_x1.25,3,1.25,52.196,6958.05,12,continuous,skipped,"skipped: continuous arm runs on scales (1.0,) only (budget)",,0,,,,,,,,,,,,,,,,,,,,,,,,
s4_x1.25,4,1.25,55.843,7245.73,8,truth,ok,,0,8,0.435408,1853.5,0.0128996,0,0.424077,1860.66,0.604412,9.34754e-05,8,5,2.91037,,,,,,,,,,,,,
s4_x1.25,4,1.25,55.843,7245.73,8,truth_raw,ok,,0,8,0.44055,1838.21,0.00888016,0,0.42847,1849.97,0.601982,9.34754e-05,3,6,2.88172,,,,,,,,,,,,,
s4_x1.25,4,1.25,55.843,7245.73,4,random,ok,,0,4,0,1089.65,0,0,0,,,,,,29.459,9.34754e-05,0,1298.15,20,,,,,,,,,
s4_x1.25,4,1.25,55.843,7245.73,4,uniform,ok,,0.0027617,4,0,1188.99,0,0,0,1162.29,0.23238,0,0,0,1.50737,,,,,,0,300814,0,,,,,
s4_x1.25,4,1.25,55.843,7245.73,4,greedy,ok,,0.100295,4,0.0958123,718.405,0,0,0.0982635,725.568,0.260983,0,0,0,1.38796,,,,,,,300814,0,0.099,0.099,ok,,
s4_x1.25,4,1.25,55.843,7245.73,4,greedy+local,ok,,0.142068,4,0.0958123,718.405,0,0,0.0982635,725.568,0.260983,0,0,0,1.55077,,,,,,,300814,0,0.099,0.099,ok,,
s4_x1.25,4,1.25,55.843,7245.73,4,sa,ok,,1.3879,4,0.110581,646.714,0,0,0.113224,642.641,0.27005,0,0,0,1.38895,,,,,,,300814,0,0.114,0.114,ok,,
s4_x1.25,4,1.25,55.843,7245.73,4,milp,ok,,20.2242,4,0.114601,562.928,0,0,0.115729,565.659,0.278089,0,0,0,1.51645,,,,,,,300814,0,0.16,0.16,optimal,0.16,0
s4_x1.25,4,1.25,55.843,7245.73,4,continuous,skipped,"skipped: continuous arm runs on scales (1.0,) only (budget)",,0,,,,,,,,,,,,,,,,,,,,,,,,
s4_x1.25,4,1.25,55.843,7245.73,6,random,ok,,0,6,0.00546831,2299.49,0,0,0.00551476,,,,,,43.1798,0.0538652,0,2614.88,20,,,,,,,,,
s4_x1.25,4,1.25,55.843,7245.73,6,uniform,ok,,0.0035601,6,9.34754e-05,2761.35,0,0,0.000204213,2795.14,0.433819,0,0,0,2.22083,,,,,,0,300814,0,,,,,
s4_x1.25,4,1.25,55.843,7245.73,6,greedy,ok,,0.148952,6,0.252384,1258.11,0,0,0.261403,1263.68,0.441391,0,0,0,2.15024,,,,,,,300814,0,0.279,0.279,ok,,
s4_x1.25,4,1.25,55.843,7245.73,6,greedy+local,ok,,0.208418,6,0.252384,1258.11,0,0,0.261403,1263.68,0.441391,0,0,0,2.19309,,,,,,,300814,0,0.279,0.279,ok,,
s4_x1.25,4,1.25,55.843,7245.73,6,sa,ok,,1.95206,6,0.259768,1277.76,0,0,0.263568,1251.25,0.438587,0,0,0,2.0841,,,,,,,300814,0,0.295,0.295,ok,,
s4_x1.25,4,1.25,55.843,7245.73,6,milp,ok,,300.01,6,0.272387,1076.43,0,0,0.277295,1079.12,0.44298,0,0,0,2.12374,,,,,,,300814,0,0.346667,0.346667,time_limit,1,1.88462
s4_x1.25,4,1.25,55.843,7245.73,6,continuous,skipped,"skipped: continuous arm runs on scales (1.0,) only (budget)",,0,,,,,,,,,,,,,,,,,,,,,,,,
s4_x1.25,4,1.25,55.843,7245.73,8,random,ok,,0,8,0.227145,3573.05,0,0,0.207226,,,,,,57.5837,0.285983,0.177472,3817.56,20,,,,,,,,,
s4_x1.25,4,1.25,55.843,7245.73,8,uniform,ok,,0.0592376,8,0.224995,3455.06,0,0,0.237525,3501.03,0.74556,0,0,0,2.9312,,,,,,1,300814,0,,,,,
s4_x1.25,4,1.25,55.843,7245.73,8,greedy,ok,,0.188524,8,0.435782,2026.74,0.00102823,0,0.437004,2039.78,0.644513,0,0,0,2.88611,,,,,,,300814,0,0.456,0.456,ok,,
s4_x1.25,4,1.25,55.843,7245.73,8,greedy+local,ok,,0.265074,8,0.471957,1785.4,9.34754e-05,0,0.491717,1737.74,0.634698,0,0,0,2.9276,,,,,,,300814,0,0.506,0.506,max_evals,,
s4_x1.25,4,1.25,55.843,7245.73,8,sa,ok,,2.38138,8,0.47794,1876.12,0,0,0.480566,1822.91,0.65573,0,0,0,2.89099,,,,,,,300814,0,0.504,0.504,ok,,
s4_x1.25,4,1.25,55.843,7245.73,8,milp,ok,,300.015,8,0.470368,1994.91,0,0,0.458621,1982.73,0.673023,0,0,0,2.92235,,,,,,,300814,0,0.51,0.51,time_limit,1,0.960784
s4_x1.25,4,1.25,55.843,7245.73,8,continuous,skipped,"skipped: continuous arm runs on scales (1.0,) only (budget)",,0,,,,,,,,,,,,,,,,,,,,,,,,
s4_x1.25,4,1.25,55.843,7245.73,10,random,ok,,0,10,0.64484,4843.67,0,0,0.627461,,,,,,72.3078,0.664877,0.580833,5219.14,20,,,,,,,,,
s4_x1.25,4,1.25,55.843,7245.73,10,uniform,skipped,skipped: uniform: only 8 of 10 non-conflicting anchors (spin fallback included),,0,,,,,,,,,,,,,,,,,,,,,,,,
s4_x1.25,4,1.25,55.843,7245.73,10,greedy,ok,,0.243331,10,0.690503,3278.87,0.00944102,0,0.69784,3155.24,0.830809,0,0,0,3.68595,,,,,,,300814,0,0.697,0.697,ok,,
s4_x1.25,4,1.25,55.843,7245.73,10,greedy+local,ok,,0.327484,10,0.738456,3775.82,0.00261731,0,0.742849,3722.86,0.874649,0,0,0,3.6012,,,,,,,300814,0,0.756,0.756,max_evals,,
s4_x1.25,4,1.25,55.843,7245.73,10,sa,ok,,3.05547,10,0.746775,4382.84,0,0,0.745316,4253.17,0.913722,0,0,0,3.57482,,,,,,,300814,0,0.777,0.777,ok,,
s4_x1.25,4,1.25,55.843,7245.73,10,milp,skipped,"skipped: milp arm restricted to N in (4, 6, 8)",,0,,,,,,,,,,,,,,,,,,,,,,,,
s4_x1.25,4,1.25,55.843,7245.73,10,continuous,skipped,"skipped: continuous arm runs on scales (1.0,) only (budget)",,0,,,,,,,,,,,,,,,,,,,,,,,,
s4_x1.25,4,1.25,55.843,7245.73,12,random,skipped,skipped: random: no feasible 12-tile draw in 500 tries,,0,,,,,,,,,,,,,,,,,,,,,,,,
s4_x1.25,4,1.25,55.843,7245.73,12,uniform,skipped,skipped: uniform: only 8 of 12 non-conflicting anchors (spin fallback included),,0,,,,,,,,,,,,,,,,,,,,,,,,
s4_x1.25,4,1.25,55.843,7245.73,12,greedy,ok,,0.284504,12,0.982987,6636.15,0.0213124,0,0.983255,6609.03,1,0.000467377,0,0,4.30648,,,,,,,300814,0,0.987,0.987,ok,,
s4_x1.25,4,1.25,55.843,7245.73,12,greedy+local,ok,,0.413881,12,0.99327,6537.49,0.00878669,0,0.993431,6507.79,1,0.000186951,0,0,4.38436,,,,,,,300814,0,0.994,0.994,max_evals,,
s4_x1.25,4,1.25,55.843,7245.73,12,sa,ok,,2.966,12,1,6684.03,0.00598243,0,1,6657.88,1,0,0,0,4.33671,,,,,,,300814,0,1,1,ok,,
s4_x1.25,4,1.25,55.843,7245.73,12,milp,skipped,"skipped: milp arm restricted to N in (4, 6, 8)",,0,,,,,,,,,,,,,,,,,,,,,,,,
s4_x1.25,4,1.25,55.843,7245.73,12,continuous,skipped,"skipped: continuous arm runs on scales (1.0,) only (budget)",,0,,,,,,,,,,,,,,,,,,,,,,,,
s5_x1.25,5,1.25,51.695,6893.86,8,truth,ok,,0,8,0.449546,2107.33,0.00414692,0,0.442841,2107.81,0.647808,0,7,5,2.78377,,,,,,,,,,,,,
s5_x1.25,5,1.25,51.695,6893.86,8,truth_raw,ok,,0,8,0.440166,2110.45,0.0046406,0,0.434524,2110.64,0.642871,0,1,6,2.71451,,,,,,,,,,,,,
s5_x1.25,5,1.25,51.695,6893.86,4,random,ok,,0,4,0,1265.3,0,0,0,,,,,,27.5029,0.000138231,0,1426.07,20,,,,,,,,,
s5_x1.25,5,1.25,51.695,6893.86,4,uniform,ok,,0.0026425,4,0,1302.01,0,0,0,1268.28,0.265995,0,0,0,1.33588,,,,,,0,287133,0,,,,,
s5_x1.25,5,1.25,51.695,6893.86,4,greedy,ok,,0.123043,4,0.0934044,751.625,0,0,0.0999782,754.547,0.289396,0,0,0,1.31869,,,,,,,287133,0,0.104,0.104,ok,,
s5_x1.25,5,1.25,51.695,6893.86,4,greedy+local,ok,,0.171518,4,0.111374,661.128,0,0,0.114869,662.312,0.299368,0,0,0,1.31688,,,,,,,287133,0,0.121,0.121,max_evals,,
s5_x1.25,5,1.25,51.695,6893.86,4,sa,ok,,1.46645,4,0.128752,705.531,0,0,0.129456,712.39,0.291568,0,0,0,1.33789,,,,,,,287133,0,0.133,0.133,ok,,
s5_x1.25,5,1.25,51.695,6893.86,4,milp,ok,,19.4081,4,0.124408,649.798,0,0,0.115594,645.452,0.291074,0,0,0,1.29777,,,,,,,287133,0,0.153333,0.153333,optimal,0.153333,0
s5_x1.25,5,1.25,51.695,6893.86,4,continuous,skipped,"skipped: continuous arm runs on scales (1.0,) only (budget)",,0,,,,,,,,,,,,,,,,,,,,,,,,
s5_x1.25,5,1.25,51.695,6893.86,6,random,ok,,0,6,0.0125395,2503.96,0,0,0.0110614,,,,,,40.7241,0.0488596,0.00240916,2648.79,20,,,,,,,,,
s5_x1.25,5,1.25,51.695,6893.86,6,uniform,ok,,0.0027424,6,0.0205371,2687.11,0,0,0.0160193,2694.06,0.516884,0,0,0,2.02758,,,,,,0,287133,0,,,,,
s5_x1.25,5,1.25,51.695,6893.86,6,greedy,ok,,0.136806,6,0.282484,1258.02,0,0,0.29369,1277.58,0.474329,0,0,0,2.0137,,,,,,,287133,0,0.298,0.298,ok,,
s5_x1.25,5,1.25,51.695,6893.86,6,greedy+local,ok,,0.248109,6,0.281102,1267.5,0,0,0.294821,1287.68,0.476698,0,0,0,1.94516,,,,,,,287133,0,0.301,0.301,max_evals,,
s5_x1.25,5,1.25,51.695,6893.86,6,sa,ok,,1.91224,6,0.308649,1162.5,0,0,0.317587,1168.16,0.480352,0,0,0,2.07001,,,,,,,287133,0,0.32,0.32,ok,,
s5_x1.25,5,1.25,51.695,6893.86,6,milp,ok,,300.015,6,0.308156,1112.06,0,0,0.300501,1094.36,0.502073,0,0,0,1.96614,,,,,,,287133,0,0.326667,0.326667,time_limit,1,2.06122
s5_x1.25,5,1.25,51.695,6893.86,6,continuous,skipped,"skipped: continuous arm runs on scales (1.0,) only (budget)",,0,,,,,,,,,,,,,,,,,,,,,,,,
s5_x1.25,5,1.25,51.695,6893.86,8,random,ok,,0,8,0.273351,3799.31,0,0,0.2575,,,,,,54.4489,0.321327,0.227449,4032.75,20,,,,,,,,,
s5_x1.25,5,1.25,51.695,6893.86,8,uniform,ok,,0.0752509,8,0.339455,3450.33,0,0,0.333917,3456.15,0.789791,0,0,0,2.75668,,,,,,2,287133,0,,,,,
s5_x1.25,5,1.25,51.695,6893.86,8,greedy,ok,,0.18967,8,0.456556,2212.43,0.00207346,0,0.470602,2217.99,0.673578,0,0,0,2.71568,,,,,,,287133,0,0.471,0.471,ok,,
s5_x1.25,5,1.25,51.695,6893.86,8,greedy+local,ok,,0.262673,8,0.48282,2454.42,0,0,0.483155,2461.07,0.720873,0,0,0,2.72253,,,,,,,287133,0,0.483,0.483,max_evals,,
s5_x1.25,5,1.25,51.695,6893.86,8,sa,ok,,2.35911,8,0.530312,2134.54,0,0,0.536223,2085.31,0.701718,0,0,0,2.59853,,,,,,,287133,0,0.536,0.536,ok,,
s5_x1.25,5,1.25,51.695,6893.86,8,milp,ok,,300.016,8,0.446189,2558.89,0,0,0.456553,2522.13,0.744866,0,0,0,2.7435,,,,,,,287133,0,0.536667,0.536667,time_limit,1,0.863354
s5_x1.25,5,1.25,51.695,6893.86,8,continuous,skipped,"skipped: continuous arm runs on scales (1.0,) only (budget)",,0,,,,,,,,,,,,,,,,,,,,,,,,
s5_x1.25,5,1.25,51.695,6893.86,10,random,ok,,0,10,0.726353,5271.11,0,0,0.722371,,,,,,68.0785,0.762668,0.689149,5483.22,20,,,,,,,,,
s5_x1.25,5,1.25,51.695,6893.86,10,uniform,skipped,skipped: uniform: only 9 of 10 non-conflicting anchors (spin fallback included),,0,,,,,,,,,,,,,,,,,,,,,,,,
s5_x1.25,5,1.25,51.695,6893.86,10,greedy,ok,,0.222862,10,0.719787,4032.64,0.00375197,0,0.73286,3920.09,0.896524,0,0,0,3.4461,,,,,,,287133,0,0.724,0.724,ok,,
s5_x1.25,5,1.25,51.695,6893.86,10,greedy+local,ok,,0.302057,10,0.75622,5171.03,0,0,0.782399,5262.94,0.998716,0,0,0,3.43001,,,,,,,287133,0,0.78,0.78,max_evals,,
s5_x1.25,5,1.25,51.695,6893.86,10,sa,ok,,2.9262,10,0.83669,5826.48,0,0,0.828985,5810.3,1,0,0,0,3.40229,,,,,,,287133,0,0.853,0.853,ok,,
s5_x1.25,5,1.25,51.695,6893.86,10,milp,skipped,"skipped: milp arm restricted to N in (4, 6, 8)",,0,,,,,,,,,,,,,,,,,,,,,,,,
s5_x1.25,5,1.25,51.695,6893.86,10,continuous,skipped,"skipped: continuous arm runs on scales (1.0,) only (budget)",,0,,,,,,,,,,,,,,,,,,,,,,,,
s5_x1.25,5,1.25,51.695,6893.86,12,random,skipped,skipped: random: no feasible 12-tile draw in 500 tries,,0,,,,,,,,,,,,,,,,,,,,,,,,
s5_x1.25,5,1.25,51.695,6893.86,12,uniform,skipped,skipped: uniform: only 9 of 12 non-conflicting anchors (spin fallback included),,0,,,,,,,,,,,,,,,,,,,,,,,,
s5_x1.25,5,1.25,51.695,6893.86,12,greedy,ok,,0.27832,12,0.989633,6877.19,0.0754344,0,0.990503,6893.03,1,0.00227093,0,0,4.10792,,,,,,,287133,0,0.993,0.993,ok,,
s5_x1.25,5,1.25,51.695,6893.86,12,greedy+local,ok,,0.360541,12,0.998716,6949.77,0.0428515,0,0.998566,6983.18,1,0.000789889,0,0,4.06527,,,,,,,287133,0,1,1,max_evals,,
s5_x1.25,5,1.25,51.695,6893.86,12,sa,ok,,3.04125,12,0.998716,6949.77,0.0428515,0,0.998566,6983.18,1,0.000789889,0,0,4.045,,,,,,,287133,0,1,1,ok,,
s5_x1.25,5,1.25,51.695,6893.86,12,milp,skipped,"skipped: milp arm restricted to N in (4, 6, 8)",,0,,,,,,,,,,,,,,,,,,,,,,,,
s5_x1.25,5,1.25,51.695,6893.86,12,continuous,skipped,"skipped: continuous arm runs on scales (1.0,) only (budget)",,0,,,,,,,,,,,,,,,,,,,,,,,,
s6_x1.25,6,1.25,51.585,6867.08,8,truth,ok,,0,8,0.429838,1911.21,0.0590264,0,0.422176,1911.85,0.598049,0,9,7,2.74843,,,,,,,,,,,,,
s6_x1.25,6,1.25,51.585,6867.08,8,truth_raw,ok,,0,8,0.428065,1882.17,0.0837603,0,0.419612,1883.63,0.588195,0.000197083,3,7,2.76028,,,,,,,,,,,,,
s6_x1.25,6,1.25,51.585,6867.08,4,random,ok,,0,4,0,1332.2,0,0,0,,,,,,28.1299,9.85416e-06,0,1515.13,20,,,,,,,,,
s6_x1.25,6,1.25,51.585,6867.08,4,uniform,ok,,0.0026763,4,0,1474.49,0,0,0,1476.65,0.258672,0,0,0,1.65673,,,,,,0,294850,0,,,,,
s6_x1.25,6,1.25,51.585,6867.08,4,greedy,ok,,0.103663,4,0.111155,712.527,0,0,0.112995,707.562,0.291683,0,0,0,1.42405,,,,,,,294850,0,0.114,0.114,ok,,
s6_x1.25,6,1.25,51.585,6867.08,4,greedy+local,ok,,0.209999,4,0.118841,709.351,0,0,0.121143,713.033,0.291289,0,0,0,1.40346,,,,,,,294850,0,0.122,0.122,max_evals,,
s6_x1.25,6,1.25,51.585,6867.08,4,sa,ok,,1.52787,4,0.128695,657.781,0.00128104,0,0.127732,655.64,0.274438,0,0,0,1.40992,,,,,,,294850,0,0.131,0.131,ok,,
s6_x1.25,6,1.25,51.585,6867.08,4,milp,ok,,18.5448,4,0.108396,696.574,0,0,0.108487,689.096,0.300355,0,0,0,1.34138,,,,,,,294850,0,0.13,0.13,optimal,0.13,0
s6_x1.25,6,1.25,51.585,6867.08,4,continuous,skipped,"skipped: continuous arm runs on scales (1.0,) only (budget)",,0,,,,,,,,,,,,,,,,,,,,,,,,
s6_x1.25,6,1.25,51.585,6867.08,6,random,ok,,0,6,0.0202503,2307.94,0,0,0.0154359,,,,,,41.4278,0.0828587,0.00145842,2664.96,20,,,,,,,,,
s6_x1.25,6,1.25,51.585,6867.08,6,uniform,ok,,0.0029774,6,0,2958.65,0,0,0,2981.72,0.510741,0,0,0,2.11062,,,,,,0,294850,0,,,,,
s6_x1.25,6,1.25,51.585,6867.08,6,greedy,ok,,0.140964,6,0.295428,1175.66,9.85416e-05,0,0.302983,1184,0.477533,0,0,0,2.09447,,,,,,,294850,0,0.298,0.298,ok,,
s6_x1.25,6,1.25,51.585,6867.08,6,greedy+local,ok,,0.220483,6,0.294639,1193.86,0,0,0.309492,1204.52,0.483741,0,0,0,1.98219,,,,,,,294850,0,0.319,0.319,max_evals,,
s6_x1.25,6,1.25,51.585,6867.08,6,sa,ok,,1.86366,6,0.294541,1166.41,0,0,0.29892,1165.78,0.473,0,0,0,2.13168,,,,,,,294850,0,0.306,0.306,ok,,
s6_x1.25,6,1.25,51.585,6867.08,6,milp,ok,,300.008,6,0.266358,1320.09,0,0,0.264956,1324.63,0.489949,0,0,0,2.07296,,,,,,,294850,0,0.3,0.3,time_limit,1,2.33333
s6_x1.25,6,1.25,51.585,6867.08,6,continuous,skipped,"skipped: continuous arm runs on scales (1.0,) only (budget)",,0,,,,,,,,,,,,,,,,,,,,,,,,
s6_x1.25,6,1.25,51.585,6867.08,8,random,ok,,0,8,0.290895,3715.93,0,0,0.275475,,,,,,55.1534,0.342176,0.250764,4057.13,20,,,,,,,,,
s6_x1.25,6,1.25,51.585,6867.08,8,uniform,skipped,skipped: uniform: only 7 of 8 non-conflicting anchors (spin fallback included),,0,,,,,,,,,,,,,,,,,,,,,,,,
s6_x1.25,6,1.25,51.585,6867.08,8,greedy,ok,,0.187335,8,0.486598,2032.94,0.00137958,0,0.492536,2002.82,0.660918,0,0,0,2.78774,,,,,,,294850,0,0.494,0.494,ok,,
s6_x1.25,6,1.25,51.585,6867.08,8,greedy+local,ok,,0.263996,8,0.498916,2202.5,0,0,0.504312,2175.06,0.688214,0,0,0,2.77186,,,,,,,294850,0,0.521,0.521,max_evals,,
s6_x1.25,6,1.25,51.585,6867.08,8,sa,ok,,2.3372,8,0.52503,2248.24,0,0,0.530588,2179.44,0.705262,0,0,0,2.76808,,,,,,,294850,0,0.545,0.545,ok,,
s6_x1.25,6,1.25,51.585,6867.08,8,milp,ok,,300.015,8,0.45201,2309.71,0.000295625,0,0.458288,2306.47,0.724773,0,0,0,2.8248,,,,,,,294850,0,0.523333,0.523333,time_limit,1,0.910828
s6_x1.25,6,1.25,51.585,6867.08,8,continuous,skipped,"skipped: continuous arm runs on scales (1.0,) only (budget)",,0,,,,,,,,,,,,,,,,,,,,,,,,
s6_x1.25,6,1.25,51.585,6867.08,10,random,ok,,0,10,0.734184,5206,4.92708e-05,0,0.724761,,,,,,68.9456,0.775537,0.686657,5527.83,20,,,,,,,,,
s6_x1.25,6,1.25,51.585,6867.08,10,uniform,skipped,skipped: uniform: only 7 of 10 non-conflicting anchors (spin fallback included),,0,,,,,,,,,,,,,,,,,,,,,,,,
s6_x1.25,6,1.25,51.585,6867.08,10,greedy,ok,,0.233669,10,0.68516,4209.38,0.0052227,0,0.701229,4165.32,0.912594,9.85416e-05,0,0,3.4545,,,,,,,294850,0,0.714,0.714,ok,,
s6_x1.25,6,1.25,51.585,6867.08,10,greedy+local,ok,,0.306696,10,0.770989,4855.17,0,0,0.784954,4957.2,0.972605,0,0,0,3.45156,,,,,,,294850,0,0.799,0.799,max_evals,,
s6_x1.25,6,1.25,51.585,6867.08,10,sa,ok,,2.95988,10,0.841742,5450.4,0,0,0.853946,5636.02,0.992117,0,0,0,3.43944,,,,,,,294850,0,0.87,0.87,ok,,
s6_x1.25,6,1.25,51.585,6867.08,10,milp,skipped,"skipped: milp arm restricted to N in (4, 6, 8)",,0,,,,,,,,,,,,,,,,,,,,,,,,
s6_x1.25,6,1.25,51.585,6867.08,10,continuous,skipped,"skipped: continuous arm runs on scales (1.0,) only (budget)",,0,,,,,,,,,,,,,,,,,,,,,,,,
s6_x1.25,6,1.25,51.585,6867.08,12,random,skipped,skipped: random: no feasible 12-tile draw in 500 tries,,0,,,,,,,,,,,,,,,,,,,,,,,,
s6_x1.25,6,1.25,51.585,6867.08,12,uniform,skipped,skipped: uniform: only 7 of 12 non-conflicting anchors (spin fallback included),,0,,,,,,,,,,,,,,,,,,,,,,,,
s6_x1.25,6,1.25,51.585,6867.08,12,greedy,ok,,0.279256,12,0.975168,6522.22,0.148995,0,0.966133,6435.98,1,0.00137958,0,0,4.1147,,,,,,,294850,0,0.968,0.968,ok,,
s6_x1.25,6,1.25,51.585,6867.08,12,greedy+local,ok,,0.351542,12,0.991131,6679.33,0.134706,0,0.99154,6642.08,1,0.0011825,0,0,4.17495,,,,,,,294850,0,0.987,0.987,max_evals,,
s6_x1.25,6,1.25,51.585,6867.08,12,sa,ok,,3.29414,12,1,6853.67,0.115589,0,1,6794.74,1,0.0011825,0,0,4.4267,,,,,,,294850,0,1,1,ok,,
s6_x1.25,6,1.25,51.585,6867.08,12,milp,skipped,"skipped: milp arm restricted to N in (4, 6, 8)",,0,,,,,,,,,,,,,,,,,,,,,,,,
s6_x1.25,6,1.25,51.585,6867.08,12,continuous,skipped,"skipped: continuous arm runs on scales (1.0,) only (budget)",,0,,,,,,,,,,,,,,,,,,,,,,,,
